kind,bindingFile,bindingLine,bindingColumn,statementFile,statementLine,statementColumn,key,details
OK,/artifact/projects/opennms/opennms-annos/opennms-webapp/src/main/java/org/opennms/web/admin/nodeManagement/AddNewInterfaceServlet.java,114,13,/artifact/projects/opennms/opennms-annos/opennms-webapp/src/main/java/org/opennms/web/admin/nodeManagement/AddNewInterfaceServlet.java,112.0,20.0,parameter.set,"SQL type=VARCHAR, method=setString"
OK,/artifact/projects/opennms/opennms-annos/opennms-webapp/src/main/java/org/opennms/web/admin/nodeManagement/AddNewInterfaceServlet.java,119,26,/artifact/projects/opennms/opennms-annos/opennms-webapp/src/main/java/org/opennms/web/admin/nodeManagement/AddNewInterfaceServlet.java,112.0,20.0,column.get,"SQL type=INTEGER NODEID, method=getInt"
OK,/artifact/projects/opennms/opennms-annos/opennms-webapp/src/main/java/org/opennms/web/admin/nodeManagement/DeleteGetNodesServlet.java,92,35,/artifact/projects/opennms/opennms-annos/opennms-webapp/src/main/java/org/opennms/web/admin/nodeManagement/DeleteGetNodesServlet.java,88.0,39.0,column.get,"SQL type=INTEGER NODEID, method=getInt"
OK,/artifact/projects/opennms/opennms-annos/opennms-webapp/src/main/java/org/opennms/web/admin/nodeManagement/DeleteGetNodesServlet.java,93,38,/artifact/projects/opennms/opennms-annos/opennms-webapp/src/main/java/org/opennms/web/admin/nodeManagement/DeleteGetNodesServlet.java,88.0,39.0,column.get,"SQL type=VARCHAR NODELABEL, method=getString"
OK,/artifact/projects/opennms/opennms-annos/opennms-webapp/src/main/java/org/opennms/web/admin/nodeManagement/DeleteNodesServlet.java,137,13,/artifact/projects/opennms/opennms-annos/opennms-webapp/src/main/java/org/opennms/web/admin/nodeManagement/DeleteNodesServlet.java,135.0,38.0,parameter.set,"SQL type=INTEGER, method=setInt"
OK,/artifact/projects/opennms/opennms-annos/opennms-webapp/src/main/java/org/opennms/web/admin/nodeManagement/DeleteNodesServlet.java,142,29,/artifact/projects/opennms/opennms-annos/opennms-webapp/src/main/java/org/opennms/web/admin/nodeManagement/DeleteNodesServlet.java,135.0,38.0,column.get,"SQL type=VARCHAR IPADDR, method=getString"
OK,/artifact/projects/opennms/opennms-annos/opennms-webapp/src/main/java/org/opennms/web/admin/nodeManagement/GetInterfacesServlet.java,112,13,/artifact/projects/opennms/opennms-annos/opennms-webapp/src/main/java/org/opennms/web/admin/nodeManagement/GetInterfacesServlet.java,110.0,43.0,parameter.set,"SQL type=INTEGER, method=setInt"
OK,/artifact/projects/opennms/opennms-annos/opennms-webapp/src/main/java/org/opennms/web/admin/nodeManagement/GetInterfacesServlet.java,120,41,/artifact/projects/opennms/opennms-annos/opennms-webapp/src/main/java/org/opennms/web/admin/nodeManagement/GetInterfacesServlet.java,110.0,43.0,column.get,"SQL type=VARCHAR ipaddr, method=getString"
OK,/artifact/projects/opennms/opennms-annos/opennms-webapp/src/main/java/org/opennms/web/admin/nodeManagement/GetInterfacesServlet.java,121,40,/artifact/projects/opennms/opennms-annos/opennms-webapp/src/main/java/org/opennms/web/admin/nodeManagement/GetInterfacesServlet.java,110.0,43.0,column.get,"SQL type=CHAR ismanaged, method=getString"
OK,/artifact/projects/opennms/opennms-annos/opennms-webapp/src/main/java/org/opennms/web/admin/nodeManagement/GetInterfacesServlet.java,126,17,/artifact/projects/opennms/opennms-annos/opennms-webapp/src/main/java/org/opennms/web/admin/nodeManagement/GetInterfacesServlet.java,124.0,45.0,parameter.set,"SQL type=INTEGER, method=setInt"
OK,/artifact/projects/opennms/opennms-annos/opennms-webapp/src/main/java/org/opennms/web/admin/nodeManagement/GetInterfacesServlet.java,127,17,/artifact/projects/opennms/opennms-annos/opennms-webapp/src/main/java/org/opennms/web/admin/nodeManagement/GetInterfacesServlet.java,124.0,45.0,parameter.set,"SQL type=VARCHAR, method=setString"
OK,/artifact/projects/opennms/opennms-annos/opennms-webapp/src/main/java/org/opennms/web/admin/nodeManagement/GetInterfacesServlet.java,134,38,/artifact/projects/opennms/opennms-annos/opennms-webapp/src/main/java/org/opennms/web/admin/nodeManagement/GetInterfacesServlet.java,124.0,45.0,column.get,"SQL type=INTEGER SERVICEID, method=getInt"
OK,/artifact/projects/opennms/opennms-annos/opennms-webapp/src/main/java/org/opennms/web/admin/nodeManagement/GetInterfacesServlet.java,135,40,/artifact/projects/opennms/opennms-annos/opennms-webapp/src/main/java/org/opennms/web/admin/nodeManagement/GetInterfacesServlet.java,124.0,45.0,column.get,"SQL type=VARCHAR SERVICENAME, method=getString"
OK,/artifact/projects/opennms/opennms-annos/opennms-webapp/src/main/java/org/opennms/web/admin/nodeManagement/GetInterfacesServlet.java,136,42,/artifact/projects/opennms/opennms-annos/opennms-webapp/src/main/java/org/opennms/web/admin/nodeManagement/GetInterfacesServlet.java,124.0,45.0,column.get,"SQL type=CHAR STATUS, method=getString"
OK,/artifact/projects/opennms/opennms-annos/opennms-webapp/src/main/java/org/opennms/web/admin/nodeManagement/GetNodesServlet.java,100,44,/artifact/projects/opennms/opennms-annos/opennms-webapp/src/main/java/org/opennms/web/admin/nodeManagement/GetNodesServlet.java,90.0,43.0,column.get,"SQL type=INTEGER nodeid, method=getInt"
OK,/artifact/projects/opennms/opennms-annos/opennms-webapp/src/main/java/org/opennms/web/admin/nodeManagement/GetNodesServlet.java,101,45,/artifact/projects/opennms/opennms-annos/opennms-webapp/src/main/java/org/opennms/web/admin/nodeManagement/GetNodesServlet.java,90.0,43.0,column.get,"SQL type=VARCHAR ipaddr, method=getString"
OK,/artifact/projects/opennms/opennms-annos/opennms-webapp/src/main/java/org/opennms/web/admin/nodeManagement/GetNodesServlet.java,103,44,/artifact/projects/opennms/opennms-annos/opennms-webapp/src/main/java/org/opennms/web/admin/nodeManagement/GetNodesServlet.java,90.0,43.0,column.get,"SQL type=CHAR ismanaged, method=getString"
OK,/artifact/projects/opennms/opennms-annos/opennms-webapp/src/main/java/org/opennms/web/admin/nodeManagement/GetNodesServlet.java,107,21,/artifact/projects/opennms/opennms-annos/opennms-webapp/src/main/java/org/opennms/web/admin/nodeManagement/GetNodesServlet.java,105.0,49.0,parameter.set,"SQL type=INTEGER, method=setInt"
OK,/artifact/projects/opennms/opennms-annos/opennms-webapp/src/main/java/org/opennms/web/admin/nodeManagement/GetNodesServlet.java,108,21,/artifact/projects/opennms/opennms-annos/opennms-webapp/src/main/java/org/opennms/web/admin/nodeManagement/GetNodesServlet.java,105.0,49.0,parameter.set,"SQL type=VARCHAR, method=setString"
OK,/artifact/projects/opennms/opennms-annos/opennms-webapp/src/main/java/org/opennms/web/admin/nodeManagement/GetNodesServlet.java,117,46,/artifact/projects/opennms/opennms-annos/opennms-webapp/src/main/java/org/opennms/web/admin/nodeManagement/GetNodesServlet.java,105.0,49.0,column.get,"SQL type=INTEGER SERVICEID, method=getInt"
OK,/artifact/projects/opennms/opennms-annos/opennms-webapp/src/main/java/org/opennms/web/admin/nodeManagement/GetNodesServlet.java,118,48,/artifact/projects/opennms/opennms-annos/opennms-webapp/src/main/java/org/opennms/web/admin/nodeManagement/GetNodesServlet.java,105.0,49.0,column.get,"SQL type=VARCHAR SERVICENAME, method=getString"
OK,/artifact/projects/opennms/opennms-annos/opennms-webapp/src/main/java/org/opennms/web/admin/nodeManagement/GetNodesServlet.java,119,50,/artifact/projects/opennms/opennms-annos/opennms-webapp/src/main/java/org/opennms/web/admin/nodeManagement/GetNodesServlet.java,105.0,49.0,column.get,"SQL type=CHAR STATUS, method=getString"
OK,/artifact/projects/opennms/opennms-annos/opennms-webapp/src/main/java/org/opennms/web/admin/nodeManagement/ManageNodeServlet.java,178,29,/artifact/projects/opennms/opennms-annos/opennms-webapp/src/main/java/org/opennms/web/admin/nodeManagement/ManageNodeServlet.java,125.0,42.0,parameter.set,"SQL type=CHAR, method=setString"
OK,/artifact/projects/opennms/opennms-annos/opennms-webapp/src/main/java/org/opennms/web/admin/nodeManagement/ManageNodeServlet.java,179,29,/artifact/projects/opennms/opennms-annos/opennms-webapp/src/main/java/org/opennms/web/admin/nodeManagement/ManageNodeServlet.java,125.0,42.0,parameter.set,"SQL type=INTEGER, method=setInt"
OK,/artifact/projects/opennms/opennms-annos/opennms-webapp/src/main/java/org/opennms/web/admin/nodeManagement/ManageNodeServlet.java,180,29,/artifact/projects/opennms/opennms-annos/opennms-webapp/src/main/java/org/opennms/web/admin/nodeManagement/ManageNodeServlet.java,125.0,42.0,parameter.set,"SQL type=VARCHAR, method=setString"
OK,/artifact/projects/opennms/opennms-annos/opennms-webapp/src/main/java/org/opennms/web/admin/nodeManagement/ManageNodeServlet.java,181,29,/artifact/projects/opennms/opennms-annos/opennms-webapp/src/main/java/org/opennms/web/admin/nodeManagement/ManageNodeServlet.java,125.0,42.0,parameter.set,"SQL type=INTEGER, method=setInt"
OK,/artifact/projects/opennms/opennms-annos/opennms-webapp/src/main/java/org/opennms/web/admin/nodeManagement/ManageNodeServlet.java,191,29,/artifact/projects/opennms/opennms-annos/opennms-webapp/src/main/java/org/opennms/web/admin/nodeManagement/ManageNodeServlet.java,125.0,42.0,parameter.set,"SQL type=CHAR, method=setString"
OK,/artifact/projects/opennms/opennms-annos/opennms-webapp/src/main/java/org/opennms/web/admin/nodeManagement/ManageNodeServlet.java,192,29,/artifact/projects/opennms/opennms-annos/opennms-webapp/src/main/java/org/opennms/web/admin/nodeManagement/ManageNodeServlet.java,125.0,42.0,parameter.set,"SQL type=INTEGER, method=setInt"
OK,/artifact/projects/opennms/opennms-annos/opennms-webapp/src/main/java/org/opennms/web/admin/nodeManagement/ManageNodeServlet.java,193,29,/artifact/projects/opennms/opennms-annos/opennms-webapp/src/main/java/org/opennms/web/admin/nodeManagement/ManageNodeServlet.java,125.0,42.0,parameter.set,"SQL type=VARCHAR, method=setString"
OK,/artifact/projects/opennms/opennms-annos/opennms-webapp/src/main/java/org/opennms/web/admin/nodeManagement/ManageNodeServlet.java,194,29,/artifact/projects/opennms/opennms-annos/opennms-webapp/src/main/java/org/opennms/web/admin/nodeManagement/ManageNodeServlet.java,125.0,42.0,parameter.set,"SQL type=INTEGER, method=setInt"
OK,/artifact/projects/opennms/opennms-annos/opennms-webapp/src/main/java/org/opennms/web/admin/nodeManagement/ManageNodeServlet.java,196,29,/artifact/projects/opennms/opennms-annos/opennms-webapp/src/main/java/org/opennms/web/admin/nodeManagement/ManageNodeServlet.java,127.0,49.0,parameter.set,"SQL type=INTEGER, method=setInt"
OK,/artifact/projects/opennms/opennms-annos/opennms-webapp/src/main/java/org/opennms/web/admin/nodeManagement/ManageNodeServlet.java,197,29,/artifact/projects/opennms/opennms-annos/opennms-webapp/src/main/java/org/opennms/web/admin/nodeManagement/ManageNodeServlet.java,127.0,49.0,parameter.set,"SQL type=VARCHAR, method=setString"
OK,/artifact/projects/opennms/opennms-annos/opennms-webapp/src/main/java/org/opennms/web/admin/nodeManagement/ManageNodeServlet.java,198,29,/artifact/projects/opennms/opennms-annos/opennms-webapp/src/main/java/org/opennms/web/admin/nodeManagement/ManageNodeServlet.java,127.0,49.0,parameter.set,"SQL type=INTEGER, method=setInt"
OK,/artifact/projects/opennms/opennms-annos/opennms-webapp/src/main/java/org/opennms/web/admin/nodeManagement/ManageNodesServlet.java,177,29,/artifact/projects/opennms/opennms-annos/opennms-webapp/src/main/java/org/opennms/web/admin/nodeManagement/ManageNodesServlet.java,123.0,42.0,parameter.set,"SQL type=CHAR, method=setString"
OK,/artifact/projects/opennms/opennms-annos/opennms-webapp/src/main/java/org/opennms/web/admin/nodeManagement/ManageNodesServlet.java,178,29,/artifact/projects/opennms/opennms-annos/opennms-webapp/src/main/java/org/opennms/web/admin/nodeManagement/ManageNodesServlet.java,123.0,42.0,parameter.set,"SQL type=INTEGER, method=setInt"
OK,/artifact/projects/opennms/opennms-annos/opennms-webapp/src/main/java/org/opennms/web/admin/nodeManagement/ManageNodesServlet.java,179,29,/artifact/projects/opennms/opennms-annos/opennms-webapp/src/main/java/org/opennms/web/admin/nodeManagement/ManageNodesServlet.java,123.0,42.0,parameter.set,"SQL type=VARCHAR, method=setString"
OK,/artifact/projects/opennms/opennms-annos/opennms-webapp/src/main/java/org/opennms/web/admin/nodeManagement/ManageNodesServlet.java,180,29,/artifact/projects/opennms/opennms-annos/opennms-webapp/src/main/java/org/opennms/web/admin/nodeManagement/ManageNodesServlet.java,123.0,42.0,parameter.set,"SQL type=INTEGER, method=setInt"
OK,/artifact/projects/opennms/opennms-annos/opennms-webapp/src/main/java/org/opennms/web/admin/nodeManagement/ManageNodesServlet.java,191,29,/artifact/projects/opennms/opennms-annos/opennms-webapp/src/main/java/org/opennms/web/admin/nodeManagement/ManageNodesServlet.java,123.0,42.0,parameter.set,"SQL type=CHAR, method=setString"
OK,/artifact/projects/opennms/opennms-annos/opennms-webapp/src/main/java/org/opennms/web/admin/nodeManagement/ManageNodesServlet.java,192,29,/artifact/projects/opennms/opennms-annos/opennms-webapp/src/main/java/org/opennms/web/admin/nodeManagement/ManageNodesServlet.java,123.0,42.0,parameter.set,"SQL type=INTEGER, method=setInt"
OK,/artifact/projects/opennms/opennms-annos/opennms-webapp/src/main/java/org/opennms/web/admin/nodeManagement/ManageNodesServlet.java,193,29,/artifact/projects/opennms/opennms-annos/opennms-webapp/src/main/java/org/opennms/web/admin/nodeManagement/ManageNodesServlet.java,123.0,42.0,parameter.set,"SQL type=VARCHAR, method=setString"
OK,/artifact/projects/opennms/opennms-annos/opennms-webapp/src/main/java/org/opennms/web/admin/nodeManagement/ManageNodesServlet.java,194,29,/artifact/projects/opennms/opennms-annos/opennms-webapp/src/main/java/org/opennms/web/admin/nodeManagement/ManageNodesServlet.java,123.0,42.0,parameter.set,"SQL type=INTEGER, method=setInt"
OK,/artifact/projects/opennms/opennms-annos/opennms-webapp/src/main/java/org/opennms/web/admin/nodeManagement/ManageNodesServlet.java,196,29,/artifact/projects/opennms/opennms-annos/opennms-webapp/src/main/java/org/opennms/web/admin/nodeManagement/ManageNodesServlet.java,125.0,49.0,parameter.set,"SQL type=INTEGER, method=setInt"
OK,/artifact/projects/opennms/opennms-annos/opennms-webapp/src/main/java/org/opennms/web/admin/nodeManagement/ManageNodesServlet.java,197,29,/artifact/projects/opennms/opennms-annos/opennms-webapp/src/main/java/org/opennms/web/admin/nodeManagement/ManageNodesServlet.java,125.0,49.0,parameter.set,"SQL type=VARCHAR, method=setString"
OK,/artifact/projects/opennms/opennms-annos/opennms-webapp/src/main/java/org/opennms/web/admin/nodeManagement/ManageNodesServlet.java,198,29,/artifact/projects/opennms/opennms-annos/opennms-webapp/src/main/java/org/opennms/web/admin/nodeManagement/ManageNodesServlet.java,125.0,49.0,parameter.set,"SQL type=INTEGER, method=setInt"
OK,/artifact/projects/opennms/opennms-annos/opennms-webapp/src/main/java/org/opennms/web/admin/nodeManagement/SetCriticalPathServlet.java,100,13,/artifact/projects/opennms/opennms-annos/opennms-webapp/src/main/java/org/opennms/web/admin/nodeManagement/SetCriticalPathServlet.java,98.0,38.0,parameter.set,"SQL type=INTEGER, method=setInt"
OK,/artifact/projects/opennms/opennms-annos/opennms-webapp/src/main/java/org/opennms/web/admin/nodeManagement/SetCriticalPathServlet.java,117,13,/artifact/projects/opennms/opennms-annos/opennms-webapp/src/main/java/org/opennms/web/admin/nodeManagement/SetCriticalPathServlet.java,115.0,38.0,parameter.set,"SQL type=INTEGER, method=setInt"
OK,/artifact/projects/opennms/opennms-annos/opennms-webapp/src/main/java/org/opennms/web/admin/nodeManagement/SetCriticalPathServlet.java,118,13,/artifact/projects/opennms/opennms-annos/opennms-webapp/src/main/java/org/opennms/web/admin/nodeManagement/SetCriticalPathServlet.java,115.0,38.0,parameter.set,"SQL type=VARCHAR, method=setString"
OK,/artifact/projects/opennms/opennms-annos/opennms-webapp/src/main/java/org/opennms/web/admin/nodeManagement/SetCriticalPathServlet.java,119,13,/artifact/projects/opennms/opennms-annos/opennms-webapp/src/main/java/org/opennms/web/admin/nodeManagement/SetCriticalPathServlet.java,115.0,38.0,parameter.set,"SQL type=VARCHAR, method=setString"
OK,/artifact/projects/opennms/opennms-annos/opennms-webapp/src/main/java/org/opennms/web/admin/nodeManagement/SnmpGetNodesServlet.java,97,35,/artifact/projects/opennms/opennms-annos/opennms-webapp/src/main/java/org/opennms/web/admin/nodeManagement/SnmpGetNodesServlet.java,93.0,34.0,column.get,"SQL type=INTEGER SERVICEID, method=getInt"
OK,/artifact/projects/opennms/opennms-annos/opennms-webapp/src/main/java/org/opennms/web/admin/nodeManagement/SnmpGetNodesServlet.java,104,13,/artifact/projects/opennms/opennms-annos/opennms-webapp/src/main/java/org/opennms/web/admin/nodeManagement/SnmpGetNodesServlet.java,102.0,38.0,parameter.set,"SQL type=INTEGER, method=setInt"
OK,/artifact/projects/opennms/opennms-annos/opennms-webapp/src/main/java/org/opennms/web/admin/nodeManagement/SnmpGetNodesServlet.java,111,39,/artifact/projects/opennms/opennms-annos/opennms-webapp/src/main/java/org/opennms/web/admin/nodeManagement/SnmpGetNodesServlet.java,102.0,38.0,column.get,"SQL type=INTEGER NODEID, method=getInt"
OK,/artifact/projects/opennms/opennms-annos/opennms-webapp/src/main/java/org/opennms/web/admin/nodeManagement/SnmpGetNodesServlet.java,112,42,/artifact/projects/opennms/opennms-annos/opennms-webapp/src/main/java/org/opennms/web/admin/nodeManagement/SnmpGetNodesServlet.java,102.0,38.0,column.get,"SQL type=VARCHAR NODELABEL, method=getString"
OK,/artifact/projects/opennms/opennms-annos/opennms-webapp/src/main/java/org/opennms/web/admin/nodeManagement/SnmpManageNodesServlet.java,111,21,/artifact/projects/opennms/opennms-annos/opennms-webapp/src/main/java/org/opennms/web/admin/nodeManagement/SnmpManageNodesServlet.java,105.0,42.0,parameter.set,"SQL type=VARCHAR, method=setString"
OK,/artifact/projects/opennms/opennms-annos/opennms-webapp/src/main/java/org/opennms/web/admin/nodeManagement/SnmpManageNodesServlet.java,112,21,/artifact/projects/opennms/opennms-annos/opennms-webapp/src/main/java/org/opennms/web/admin/nodeManagement/SnmpManageNodesServlet.java,105.0,42.0,parameter.set,"SQL type=INTEGER, method=setInt"
OK,/artifact/projects/opennms/opennms-annos/opennms-webapp/src/main/java/org/opennms/web/admin/notification/noticeWizard/NotificationWizardServlet.java,602,13,/artifact/projects/opennms/opennms-annos/opennms-webapp/src/main/java/org/opennms/web/admin/notification/noticeWizard/NotificationWizardServlet.java,600.0,38.0,parameter.set,"SQL type=INTEGER, method=setInt"
OK,/artifact/projects/opennms/opennms-annos/opennms-webapp/src/main/java/org/opennms/web/admin/notification/noticeWizard/NotificationWizardServlet.java,614,13,/artifact/projects/opennms/opennms-annos/opennms-webapp/src/main/java/org/opennms/web/admin/notification/noticeWizard/NotificationWizardServlet.java,612.0,44.0,parameter.set,"SQL type=INTEGER, method=setInt"
OK,/artifact/projects/opennms/opennms-annos/opennms-webapp/src/main/java/org/opennms/web/admin/notification/noticeWizard/NotificationWizardServlet.java,615,13,/artifact/projects/opennms/opennms-annos/opennms-webapp/src/main/java/org/opennms/web/admin/notification/noticeWizard/NotificationWizardServlet.java,612.0,44.0,parameter.set,"SQL type=VARCHAR, method=setString"
OK,/artifact/projects/opennms/opennms-annos/opennms-webapp/src/main/java/org/opennms/web/admin/notification/noticeWizard/NotificationWizardServlet.java,616,13,/artifact/projects/opennms/opennms-annos/opennms-webapp/src/main/java/org/opennms/web/admin/notification/noticeWizard/NotificationWizardServlet.java,612.0,44.0,parameter.set,"SQL type=VARCHAR, method=setString"
OK,/artifact/projects/opennms/opennms-annos/opennms-webapp/src/main/java/org/opennms/web/asset/AssetModel.java,71,13,/artifact/projects/opennms/opennms-annos/opennms-webapp/src/main/java/org/opennms/web/asset/AssetModel.java,69.0,38.0,parameter.set,"SQL type=INTEGER, method=setInt"
OK,/artifact/projects/opennms/opennms-annos/opennms-webapp/src/main/java/org/opennms/web/asset/AssetModel.java,130,13,/artifact/projects/opennms/opennms-annos/opennms-webapp/src/main/java/org/opennms/web/asset/AssetModel.java,128.0,38.0,parameter.set,"SQL type=INTEGER, method=setInt"
OK,/artifact/projects/opennms/opennms-annos/opennms-webapp/src/main/java/org/opennms/web/asset/AssetModel.java,131,13,/artifact/projects/opennms/opennms-annos/opennms-webapp/src/main/java/org/opennms/web/asset/AssetModel.java,128.0,38.0,parameter.set,"SQL type=VARCHAR, method=setString"
OK,/artifact/projects/opennms/opennms-annos/opennms-webapp/src/main/java/org/opennms/web/asset/AssetModel.java,132,13,/artifact/projects/opennms/opennms-annos/opennms-webapp/src/main/java/org/opennms/web/asset/AssetModel.java,128.0,38.0,parameter.set,"SQL type=VARCHAR, method=setString"
OK,/artifact/projects/opennms/opennms-annos/opennms-webapp/src/main/java/org/opennms/web/asset/AssetModel.java,133,13,/artifact/projects/opennms/opennms-annos/opennms-webapp/src/main/java/org/opennms/web/asset/AssetModel.java,128.0,38.0,parameter.set,"SQL type=VARCHAR, method=setString"
OK,/artifact/projects/opennms/opennms-annos/opennms-webapp/src/main/java/org/opennms/web/asset/AssetModel.java,134,13,/artifact/projects/opennms/opennms-annos/opennms-webapp/src/main/java/org/opennms/web/asset/AssetModel.java,128.0,38.0,parameter.set,"SQL type=VARCHAR, method=setString"
OK,/artifact/projects/opennms/opennms-annos/opennms-webapp/src/main/java/org/opennms/web/asset/AssetModel.java,135,13,/artifact/projects/opennms/opennms-annos/opennms-webapp/src/main/java/org/opennms/web/asset/AssetModel.java,128.0,38.0,parameter.set,"SQL type=VARCHAR, method=setString"
OK,/artifact/projects/opennms/opennms-annos/opennms-webapp/src/main/java/org/opennms/web/asset/AssetModel.java,136,13,/artifact/projects/opennms/opennms-annos/opennms-webapp/src/main/java/org/opennms/web/asset/AssetModel.java,128.0,38.0,parameter.set,"SQL type=VARCHAR, method=setString"
OK,/artifact/projects/opennms/opennms-annos/opennms-webapp/src/main/java/org/opennms/web/asset/AssetModel.java,137,13,/artifact/projects/opennms/opennms-annos/opennms-webapp/src/main/java/org/opennms/web/asset/AssetModel.java,128.0,38.0,parameter.set,"SQL type=VARCHAR, method=setString"
OK,/artifact/projects/opennms/opennms-annos/opennms-webapp/src/main/java/org/opennms/web/asset/AssetModel.java,138,13,/artifact/projects/opennms/opennms-annos/opennms-webapp/src/main/java/org/opennms/web/asset/AssetModel.java,128.0,38.0,parameter.set,"SQL type=VARCHAR, method=setString"
OK,/artifact/projects/opennms/opennms-annos/opennms-webapp/src/main/java/org/opennms/web/asset/AssetModel.java,139,13,/artifact/projects/opennms/opennms-annos/opennms-webapp/src/main/java/org/opennms/web/asset/AssetModel.java,128.0,38.0,parameter.set,"SQL type=VARCHAR, method=setString"
OK,/artifact/projects/opennms/opennms-annos/opennms-webapp/src/main/java/org/opennms/web/asset/AssetModel.java,140,13,/artifact/projects/opennms/opennms-annos/opennms-webapp/src/main/java/org/opennms/web/asset/AssetModel.java,128.0,38.0,parameter.set,"SQL type=VARCHAR, method=setString"
OK,/artifact/projects/opennms/opennms-annos/opennms-webapp/src/main/java/org/opennms/web/asset/AssetModel.java,141,13,/artifact/projects/opennms/opennms-annos/opennms-webapp/src/main/java/org/opennms/web/asset/AssetModel.java,128.0,38.0,parameter.set,"SQL type=VARCHAR, method=setString"
OK,/artifact/projects/opennms/opennms-annos/opennms-webapp/src/main/java/org/opennms/web/asset/AssetModel.java,142,13,/artifact/projects/opennms/opennms-annos/opennms-webapp/src/main/java/org/opennms/web/asset/AssetModel.java,128.0,38.0,parameter.set,"SQL type=VARCHAR, method=setString"
OK,/artifact/projects/opennms/opennms-annos/opennms-webapp/src/main/java/org/opennms/web/asset/AssetModel.java,143,13,/artifact/projects/opennms/opennms-annos/opennms-webapp/src/main/java/org/opennms/web/asset/AssetModel.java,128.0,38.0,parameter.set,"SQL type=VARCHAR, method=setString"
OK,/artifact/projects/opennms/opennms-annos/opennms-webapp/src/main/java/org/opennms/web/asset/AssetModel.java,144,13,/artifact/projects/opennms/opennms-annos/opennms-webapp/src/main/java/org/opennms/web/asset/AssetModel.java,128.0,38.0,parameter.set,"SQL type=VARCHAR, method=setString"
OK,/artifact/projects/opennms/opennms-annos/opennms-webapp/src/main/java/org/opennms/web/asset/AssetModel.java,145,13,/artifact/projects/opennms/opennms-annos/opennms-webapp/src/main/java/org/opennms/web/asset/AssetModel.java,128.0,38.0,parameter.set,"SQL type=VARCHAR, method=setString"
OK,/artifact/projects/opennms/opennms-annos/opennms-webapp/src/main/java/org/opennms/web/asset/AssetModel.java,146,13,/artifact/projects/opennms/opennms-annos/opennms-webapp/src/main/java/org/opennms/web/asset/AssetModel.java,128.0,38.0,parameter.set,"SQL type=VARCHAR, method=setString"
OK,/artifact/projects/opennms/opennms-annos/opennms-webapp/src/main/java/org/opennms/web/asset/AssetModel.java,147,13,/artifact/projects/opennms/opennms-annos/opennms-webapp/src/main/java/org/opennms/web/asset/AssetModel.java,128.0,38.0,parameter.set,"SQL type=VARCHAR, method=setString"
OK,/artifact/projects/opennms/opennms-annos/opennms-webapp/src/main/java/org/opennms/web/asset/AssetModel.java,148,13,/artifact/projects/opennms/opennms-annos/opennms-webapp/src/main/java/org/opennms/web/asset/AssetModel.java,128.0,38.0,parameter.set,"SQL type=VARCHAR, method=setString"
OK,/artifact/projects/opennms/opennms-annos/opennms-webapp/src/main/java/org/opennms/web/asset/AssetModel.java,149,13,/artifact/projects/opennms/opennms-annos/opennms-webapp/src/main/java/org/opennms/web/asset/AssetModel.java,128.0,38.0,parameter.set,"SQL type=VARCHAR, method=setString"
OK,/artifact/projects/opennms/opennms-annos/opennms-webapp/src/main/java/org/opennms/web/asset/AssetModel.java,150,13,/artifact/projects/opennms/opennms-annos/opennms-webapp/src/main/java/org/opennms/web/asset/AssetModel.java,128.0,38.0,parameter.set,"SQL type=VARCHAR, method=setString"
OK,/artifact/projects/opennms/opennms-annos/opennms-webapp/src/main/java/org/opennms/web/asset/AssetModel.java,151,13,/artifact/projects/opennms/opennms-annos/opennms-webapp/src/main/java/org/opennms/web/asset/AssetModel.java,128.0,38.0,parameter.set,"SQL type=VARCHAR, method=setString"
OK,/artifact/projects/opennms/opennms-annos/opennms-webapp/src/main/java/org/opennms/web/asset/AssetModel.java,152,13,/artifact/projects/opennms/opennms-annos/opennms-webapp/src/main/java/org/opennms/web/asset/AssetModel.java,128.0,38.0,parameter.set,"SQL type=VARCHAR, method=setString"
OK,/artifact/projects/opennms/opennms-annos/opennms-webapp/src/main/java/org/opennms/web/asset/AssetModel.java,153,13,/artifact/projects/opennms/opennms-annos/opennms-webapp/src/main/java/org/opennms/web/asset/AssetModel.java,128.0,38.0,parameter.set,"SQL type=VARCHAR, method=setString"
OK,/artifact/projects/opennms/opennms-annos/opennms-webapp/src/main/java/org/opennms/web/asset/AssetModel.java,154,13,/artifact/projects/opennms/opennms-annos/opennms-webapp/src/main/java/org/opennms/web/asset/AssetModel.java,128.0,38.0,parameter.set,"SQL type=VARCHAR, method=setString"
OK,/artifact/projects/opennms/opennms-annos/opennms-webapp/src/main/java/org/opennms/web/asset/AssetModel.java,155,13,/artifact/projects/opennms/opennms-annos/opennms-webapp/src/main/java/org/opennms/web/asset/AssetModel.java,128.0,38.0,parameter.set,"SQL type=VARCHAR, method=setString"
OK,/artifact/projects/opennms/opennms-annos/opennms-webapp/src/main/java/org/opennms/web/asset/AssetModel.java,156,13,/artifact/projects/opennms/opennms-annos/opennms-webapp/src/main/java/org/opennms/web/asset/AssetModel.java,128.0,38.0,parameter.set,"SQL type=VARCHAR, method=setString"
OK,/artifact/projects/opennms/opennms-annos/opennms-webapp/src/main/java/org/opennms/web/asset/AssetModel.java,157,13,/artifact/projects/opennms/opennms-annos/opennms-webapp/src/main/java/org/opennms/web/asset/AssetModel.java,128.0,38.0,parameter.set,"SQL type=TIMESTAMP, method=setTimestamp"
OK,/artifact/projects/opennms/opennms-annos/opennms-webapp/src/main/java/org/opennms/web/asset/AssetModel.java,158,13,/artifact/projects/opennms/opennms-annos/opennms-webapp/src/main/java/org/opennms/web/asset/AssetModel.java,128.0,38.0,parameter.set,"SQL type=VARCHAR, method=setString"
OK,/artifact/projects/opennms/opennms-annos/opennms-webapp/src/main/java/org/opennms/web/asset/AssetModel.java,159,13,/artifact/projects/opennms/opennms-annos/opennms-webapp/src/main/java/org/opennms/web/asset/AssetModel.java,128.0,38.0,parameter.set,"SQL type=VARCHAR, method=setString"
OK,/artifact/projects/opennms/opennms-annos/opennms-webapp/src/main/java/org/opennms/web/asset/AssetModel.java,160,13,/artifact/projects/opennms/opennms-annos/opennms-webapp/src/main/java/org/opennms/web/asset/AssetModel.java,128.0,38.0,parameter.set,"SQL type=VARCHAR, method=setString"
OK,/artifact/projects/opennms/opennms-annos/opennms-webapp/src/main/java/org/opennms/web/asset/AssetModel.java,161,13,/artifact/projects/opennms/opennms-annos/opennms-webapp/src/main/java/org/opennms/web/asset/AssetModel.java,128.0,38.0,parameter.set,"SQL type=VARCHAR, method=setString"
OK,/artifact/projects/opennms/opennms-annos/opennms-webapp/src/main/java/org/opennms/web/asset/AssetModel.java,162,13,/artifact/projects/opennms/opennms-annos/opennms-webapp/src/main/java/org/opennms/web/asset/AssetModel.java,128.0,38.0,parameter.set,"SQL type=VARCHAR, method=setString"
OK,/artifact/projects/opennms/opennms-annos/opennms-webapp/src/main/java/org/opennms/web/asset/AssetModel.java,163,13,/artifact/projects/opennms/opennms-annos/opennms-webapp/src/main/java/org/opennms/web/asset/AssetModel.java,128.0,38.0,parameter.set,"SQL type=VARCHAR, method=setString"
OK,/artifact/projects/opennms/opennms-annos/opennms-webapp/src/main/java/org/opennms/web/asset/AssetModel.java,164,13,/artifact/projects/opennms/opennms-annos/opennms-webapp/src/main/java/org/opennms/web/asset/AssetModel.java,128.0,38.0,parameter.set,"SQL type=VARCHAR, method=setString"
OK,/artifact/projects/opennms/opennms-annos/opennms-webapp/src/main/java/org/opennms/web/asset/AssetModel.java,165,13,/artifact/projects/opennms/opennms-annos/opennms-webapp/src/main/java/org/opennms/web/asset/AssetModel.java,128.0,38.0,parameter.set,"SQL type=VARCHAR, method=setString"
OK,/artifact/projects/opennms/opennms-annos/opennms-webapp/src/main/java/org/opennms/web/asset/AssetModel.java,166,13,/artifact/projects/opennms/opennms-annos/opennms-webapp/src/main/java/org/opennms/web/asset/AssetModel.java,128.0,38.0,parameter.set,"SQL type=VARCHAR, method=setString"
OK,/artifact/projects/opennms/opennms-annos/opennms-webapp/src/main/java/org/opennms/web/asset/AssetModel.java,167,13,/artifact/projects/opennms/opennms-annos/opennms-webapp/src/main/java/org/opennms/web/asset/AssetModel.java,128.0,38.0,parameter.set,"SQL type=VARCHAR, method=setString"
OK,/artifact/projects/opennms/opennms-annos/opennms-webapp/src/main/java/org/opennms/web/asset/AssetModel.java,168,13,/artifact/projects/opennms/opennms-annos/opennms-webapp/src/main/java/org/opennms/web/asset/AssetModel.java,128.0,38.0,parameter.set,"SQL type=VARCHAR, method=setString"
OK,/artifact/projects/opennms/opennms-annos/opennms-webapp/src/main/java/org/opennms/web/asset/AssetModel.java,169,13,/artifact/projects/opennms/opennms-annos/opennms-webapp/src/main/java/org/opennms/web/asset/AssetModel.java,128.0,38.0,parameter.set,"SQL type=VARCHAR, method=setString"
OK,/artifact/projects/opennms/opennms-annos/opennms-webapp/src/main/java/org/opennms/web/asset/AssetModel.java,170,13,/artifact/projects/opennms/opennms-annos/opennms-webapp/src/main/java/org/opennms/web/asset/AssetModel.java,128.0,38.0,parameter.set,"SQL type=VARCHAR, method=setString"
OK,/artifact/projects/opennms/opennms-annos/opennms-webapp/src/main/java/org/opennms/web/asset/AssetModel.java,171,13,/artifact/projects/opennms/opennms-annos/opennms-webapp/src/main/java/org/opennms/web/asset/AssetModel.java,128.0,38.0,parameter.set,"SQL type=VARCHAR, method=setString"
OK,/artifact/projects/opennms/opennms-annos/opennms-webapp/src/main/java/org/opennms/web/asset/AssetModel.java,172,13,/artifact/projects/opennms/opennms-annos/opennms-webapp/src/main/java/org/opennms/web/asset/AssetModel.java,128.0,38.0,parameter.set,"SQL type=VARCHAR, method=setString"
OK,/artifact/projects/opennms/opennms-annos/opennms-webapp/src/main/java/org/opennms/web/asset/AssetModel.java,173,13,/artifact/projects/opennms/opennms-annos/opennms-webapp/src/main/java/org/opennms/web/asset/AssetModel.java,128.0,38.0,parameter.set,"SQL type=VARCHAR, method=setString"
OK,/artifact/projects/opennms/opennms-annos/opennms-webapp/src/main/java/org/opennms/web/asset/AssetModel.java,174,13,/artifact/projects/opennms/opennms-annos/opennms-webapp/src/main/java/org/opennms/web/asset/AssetModel.java,128.0,38.0,parameter.set,"SQL type=CHAR, method=setString"
OK,/artifact/projects/opennms/opennms-annos/opennms-webapp/src/main/java/org/opennms/web/asset/AssetModel.java,175,13,/artifact/projects/opennms/opennms-annos/opennms-webapp/src/main/java/org/opennms/web/asset/AssetModel.java,128.0,38.0,parameter.set,"SQL type=VARCHAR, method=setString"
OK,/artifact/projects/opennms/opennms-annos/opennms-webapp/src/main/java/org/opennms/web/asset/AssetModel.java,176,13,/artifact/projects/opennms/opennms-annos/opennms-webapp/src/main/java/org/opennms/web/asset/AssetModel.java,128.0,38.0,parameter.set,"SQL type=VARCHAR, method=setString"
OK,/artifact/projects/opennms/opennms-annos/opennms-webapp/src/main/java/org/opennms/web/asset/AssetModel.java,177,13,/artifact/projects/opennms/opennms-annos/opennms-webapp/src/main/java/org/opennms/web/asset/AssetModel.java,128.0,38.0,parameter.set,"SQL type=VARCHAR, method=setString"
OK,/artifact/projects/opennms/opennms-annos/opennms-webapp/src/main/java/org/opennms/web/asset/AssetModel.java,178,13,/artifact/projects/opennms/opennms-annos/opennms-webapp/src/main/java/org/opennms/web/asset/AssetModel.java,128.0,38.0,parameter.set,"SQL type=VARCHAR, method=setString"
OK,/artifact/projects/opennms/opennms-annos/opennms-webapp/src/main/java/org/opennms/web/asset/AssetModel.java,179,13,/artifact/projects/opennms/opennms-annos/opennms-webapp/src/main/java/org/opennms/web/asset/AssetModel.java,128.0,38.0,parameter.set,"SQL type=VARCHAR, method=setString"
OK,/artifact/projects/opennms/opennms-annos/opennms-webapp/src/main/java/org/opennms/web/asset/AssetModel.java,180,13,/artifact/projects/opennms/opennms-annos/opennms-webapp/src/main/java/org/opennms/web/asset/AssetModel.java,128.0,38.0,parameter.set,"SQL type=VARCHAR, method=setString"
OK,/artifact/projects/opennms/opennms-annos/opennms-webapp/src/main/java/org/opennms/web/asset/AssetModel.java,181,13,/artifact/projects/opennms/opennms-annos/opennms-webapp/src/main/java/org/opennms/web/asset/AssetModel.java,128.0,38.0,parameter.set,"SQL type=VARCHAR, method=setString"
OK,/artifact/projects/opennms/opennms-annos/opennms-webapp/src/main/java/org/opennms/web/asset/AssetModel.java,182,13,/artifact/projects/opennms/opennms-annos/opennms-webapp/src/main/java/org/opennms/web/asset/AssetModel.java,128.0,38.0,parameter.set,"SQL type=VARCHAR, method=setString"
OK,/artifact/projects/opennms/opennms-annos/opennms-webapp/src/main/java/org/opennms/web/asset/AssetModel.java,183,13,/artifact/projects/opennms/opennms-annos/opennms-webapp/src/main/java/org/opennms/web/asset/AssetModel.java,128.0,38.0,parameter.set,"SQL type=VARCHAR, method=setString"
OK,/artifact/projects/opennms/opennms-annos/opennms-webapp/src/main/java/org/opennms/web/asset/AssetModel.java,184,13,/artifact/projects/opennms/opennms-annos/opennms-webapp/src/main/java/org/opennms/web/asset/AssetModel.java,128.0,38.0,parameter.set,"SQL type=VARCHAR, method=setString"
OK,/artifact/projects/opennms/opennms-annos/opennms-webapp/src/main/java/org/opennms/web/asset/AssetModel.java,185,13,/artifact/projects/opennms/opennms-annos/opennms-webapp/src/main/java/org/opennms/web/asset/AssetModel.java,128.0,38.0,parameter.set,"SQL type=VARCHAR, method=setString"
OK,/artifact/projects/opennms/opennms-annos/opennms-webapp/src/main/java/org/opennms/web/asset/AssetModel.java,186,13,/artifact/projects/opennms/opennms-annos/opennms-webapp/src/main/java/org/opennms/web/asset/AssetModel.java,128.0,38.0,parameter.set,"SQL type=VARCHAR, method=setString"
OK,/artifact/projects/opennms/opennms-annos/opennms-webapp/src/main/java/org/opennms/web/asset/AssetModel.java,187,13,/artifact/projects/opennms/opennms-annos/opennms-webapp/src/main/java/org/opennms/web/asset/AssetModel.java,128.0,38.0,parameter.set,"SQL type=VARCHAR, method=setString"
OK,/artifact/projects/opennms/opennms-annos/opennms-webapp/src/main/java/org/opennms/web/asset/AssetModel.java,188,13,/artifact/projects/opennms/opennms-annos/opennms-webapp/src/main/java/org/opennms/web/asset/AssetModel.java,128.0,38.0,parameter.set,"SQL type=VARCHAR, method=setString"
OK,/artifact/projects/opennms/opennms-annos/opennms-webapp/src/main/java/org/opennms/web/asset/AssetModel.java,189,13,/artifact/projects/opennms/opennms-annos/opennms-webapp/src/main/java/org/opennms/web/asset/AssetModel.java,128.0,38.0,parameter.set,"SQL type=VARCHAR, method=setString"
ERROR,/artifact/projects/opennms/opennms-annos/opennms-webapp/src/main/java/org/opennms/web/asset/AssetModel.java,190,13,/artifact/projects/opennms/opennms-annos/opennms-webapp/src/main/java/org/opennms/web/asset/AssetModel.java,128.0,38.0,parameter.incompatibleTypes,"SQL type=DOUBLE, method=setFloat"
ERROR,/artifact/projects/opennms/opennms-annos/opennms-webapp/src/main/java/org/opennms/web/asset/AssetModel.java,191,13,/artifact/projects/opennms/opennms-annos/opennms-webapp/src/main/java/org/opennms/web/asset/AssetModel.java,128.0,38.0,parameter.incompatibleTypes,"SQL type=DOUBLE, method=setFloat"
OK,/artifact/projects/opennms/opennms-annos/opennms-webapp/src/main/java/org/opennms/web/asset/AssetModel.java,192,13,/artifact/projects/opennms/opennms-annos/opennms-webapp/src/main/java/org/opennms/web/asset/AssetModel.java,128.0,38.0,parameter.set,"SQL type=VARCHAR, method=setString"
OK,/artifact/projects/opennms/opennms-annos/opennms-webapp/src/main/java/org/opennms/web/asset/AssetModel.java,216,13,/artifact/projects/opennms/opennms-annos/opennms-webapp/src/main/java/org/opennms/web/asset/AssetModel.java,214.0,38.0,parameter.set,"SQL type=VARCHAR, method=setString"
OK,/artifact/projects/opennms/opennms-annos/opennms-webapp/src/main/java/org/opennms/web/asset/AssetModel.java,217,13,/artifact/projects/opennms/opennms-annos/opennms-webapp/src/main/java/org/opennms/web/asset/AssetModel.java,214.0,38.0,parameter.set,"SQL type=VARCHAR, method=setString"
OK,/artifact/projects/opennms/opennms-annos/opennms-webapp/src/main/java/org/opennms/web/asset/AssetModel.java,218,13,/artifact/projects/opennms/opennms-annos/opennms-webapp/src/main/java/org/opennms/web/asset/AssetModel.java,214.0,38.0,parameter.set,"SQL type=VARCHAR, method=setString"
OK,/artifact/projects/opennms/opennms-annos/opennms-webapp/src/main/java/org/opennms/web/asset/AssetModel.java,219,13,/artifact/projects/opennms/opennms-annos/opennms-webapp/src/main/java/org/opennms/web/asset/AssetModel.java,214.0,38.0,parameter.set,"SQL type=VARCHAR, method=setString"
OK,/artifact/projects/opennms/opennms-annos/opennms-webapp/src/main/java/org/opennms/web/asset/AssetModel.java,220,13,/artifact/projects/opennms/opennms-annos/opennms-webapp/src/main/java/org/opennms/web/asset/AssetModel.java,214.0,38.0,parameter.set,"SQL type=VARCHAR, method=setString"
OK,/artifact/projects/opennms/opennms-annos/opennms-webapp/src/main/java/org/opennms/web/asset/AssetModel.java,221,13,/artifact/projects/opennms/opennms-annos/opennms-webapp/src/main/java/org/opennms/web/asset/AssetModel.java,214.0,38.0,parameter.set,"SQL type=VARCHAR, method=setString"
OK,/artifact/projects/opennms/opennms-annos/opennms-webapp/src/main/java/org/opennms/web/asset/AssetModel.java,222,13,/artifact/projects/opennms/opennms-annos/opennms-webapp/src/main/java/org/opennms/web/asset/AssetModel.java,214.0,38.0,parameter.set,"SQL type=VARCHAR, method=setString"
OK,/artifact/projects/opennms/opennms-annos/opennms-webapp/src/main/java/org/opennms/web/asset/AssetModel.java,223,13,/artifact/projects/opennms/opennms-annos/opennms-webapp/src/main/java/org/opennms/web/asset/AssetModel.java,214.0,38.0,parameter.set,"SQL type=VARCHAR, method=setString"
OK,/artifact/projects/opennms/opennms-annos/opennms-webapp/src/main/java/org/opennms/web/asset/AssetModel.java,224,13,/artifact/projects/opennms/opennms-annos/opennms-webapp/src/main/java/org/opennms/web/asset/AssetModel.java,214.0,38.0,parameter.set,"SQL type=VARCHAR, method=setString"
OK,/artifact/projects/opennms/opennms-annos/opennms-webapp/src/main/java/org/opennms/web/asset/AssetModel.java,225,13,/artifact/projects/opennms/opennms-annos/opennms-webapp/src/main/java/org/opennms/web/asset/AssetModel.java,214.0,38.0,parameter.set,"SQL type=VARCHAR, method=setString"
OK,/artifact/projects/opennms/opennms-annos/opennms-webapp/src/main/java/org/opennms/web/asset/AssetModel.java,226,13,/artifact/projects/opennms/opennms-annos/opennms-webapp/src/main/java/org/opennms/web/asset/AssetModel.java,214.0,38.0,parameter.set,"SQL type=VARCHAR, method=setString"
OK,/artifact/projects/opennms/opennms-annos/opennms-webapp/src/main/java/org/opennms/web/asset/AssetModel.java,227,13,/artifact/projects/opennms/opennms-annos/opennms-webapp/src/main/java/org/opennms/web/asset/AssetModel.java,214.0,38.0,parameter.set,"SQL type=VARCHAR, method=setString"
OK,/artifact/projects/opennms/opennms-annos/opennms-webapp/src/main/java/org/opennms/web/asset/AssetModel.java,228,13,/artifact/projects/opennms/opennms-annos/opennms-webapp/src/main/java/org/opennms/web/asset/AssetModel.java,214.0,38.0,parameter.set,"SQL type=VARCHAR, method=setString"
OK,/artifact/projects/opennms/opennms-annos/opennms-webapp/src/main/java/org/opennms/web/asset/AssetModel.java,229,13,/artifact/projects/opennms/opennms-annos/opennms-webapp/src/main/java/org/opennms/web/asset/AssetModel.java,214.0,38.0,parameter.set,"SQL type=VARCHAR, method=setString"
OK,/artifact/projects/opennms/opennms-annos/opennms-webapp/src/main/java/org/opennms/web/asset/AssetModel.java,230,13,/artifact/projects/opennms/opennms-annos/opennms-webapp/src/main/java/org/opennms/web/asset/AssetModel.java,214.0,38.0,parameter.set,"SQL type=VARCHAR, method=setString"
OK,/artifact/projects/opennms/opennms-annos/opennms-webapp/src/main/java/org/opennms/web/asset/AssetModel.java,231,13,/artifact/projects/opennms/opennms-annos/opennms-webapp/src/main/java/org/opennms/web/asset/AssetModel.java,214.0,38.0,parameter.set,"SQL type=VARCHAR, method=setString"
OK,/artifact/projects/opennms/opennms-annos/opennms-webapp/src/main/java/org/opennms/web/asset/AssetModel.java,232,13,/artifact/projects/opennms/opennms-annos/opennms-webapp/src/main/java/org/opennms/web/asset/AssetModel.java,214.0,38.0,parameter.set,"SQL type=VARCHAR, method=setString"
OK,/artifact/projects/opennms/opennms-annos/opennms-webapp/src/main/java/org/opennms/web/asset/AssetModel.java,233,13,/artifact/projects/opennms/opennms-annos/opennms-webapp/src/main/java/org/opennms/web/asset/AssetModel.java,214.0,38.0,parameter.set,"SQL type=VARCHAR, method=setString"
OK,/artifact/projects/opennms/opennms-annos/opennms-webapp/src/main/java/org/opennms/web/asset/AssetModel.java,234,13,/artifact/projects/opennms/opennms-annos/opennms-webapp/src/main/java/org/opennms/web/asset/AssetModel.java,214.0,38.0,parameter.set,"SQL type=VARCHAR, method=setString"
OK,/artifact/projects/opennms/opennms-annos/opennms-webapp/src/main/java/org/opennms/web/asset/AssetModel.java,235,13,/artifact/projects/opennms/opennms-annos/opennms-webapp/src/main/java/org/opennms/web/asset/AssetModel.java,214.0,38.0,parameter.set,"SQL type=VARCHAR, method=setString"
OK,/artifact/projects/opennms/opennms-annos/opennms-webapp/src/main/java/org/opennms/web/asset/AssetModel.java,236,13,/artifact/projects/opennms/opennms-annos/opennms-webapp/src/main/java/org/opennms/web/asset/AssetModel.java,214.0,38.0,parameter.set,"SQL type=VARCHAR, method=setString"
OK,/artifact/projects/opennms/opennms-annos/opennms-webapp/src/main/java/org/opennms/web/asset/AssetModel.java,237,13,/artifact/projects/opennms/opennms-annos/opennms-webapp/src/main/java/org/opennms/web/asset/AssetModel.java,214.0,38.0,parameter.set,"SQL type=VARCHAR, method=setString"
OK,/artifact/projects/opennms/opennms-annos/opennms-webapp/src/main/java/org/opennms/web/asset/AssetModel.java,238,13,/artifact/projects/opennms/opennms-annos/opennms-webapp/src/main/java/org/opennms/web/asset/AssetModel.java,214.0,38.0,parameter.set,"SQL type=VARCHAR, method=setString"
OK,/artifact/projects/opennms/opennms-annos/opennms-webapp/src/main/java/org/opennms/web/asset/AssetModel.java,239,13,/artifact/projects/opennms/opennms-annos/opennms-webapp/src/main/java/org/opennms/web/asset/AssetModel.java,214.0,38.0,parameter.set,"SQL type=VARCHAR, method=setString"
OK,/artifact/projects/opennms/opennms-annos/opennms-webapp/src/main/java/org/opennms/web/asset/AssetModel.java,240,13,/artifact/projects/opennms/opennms-annos/opennms-webapp/src/main/java/org/opennms/web/asset/AssetModel.java,214.0,38.0,parameter.set,"SQL type=VARCHAR, method=setString"
OK,/artifact/projects/opennms/opennms-annos/opennms-webapp/src/main/java/org/opennms/web/asset/AssetModel.java,241,13,/artifact/projects/opennms/opennms-annos/opennms-webapp/src/main/java/org/opennms/web/asset/AssetModel.java,214.0,38.0,parameter.set,"SQL type=VARCHAR, method=setString"
OK,/artifact/projects/opennms/opennms-annos/opennms-webapp/src/main/java/org/opennms/web/asset/AssetModel.java,242,13,/artifact/projects/opennms/opennms-annos/opennms-webapp/src/main/java/org/opennms/web/asset/AssetModel.java,214.0,38.0,parameter.set,"SQL type=TIMESTAMP, method=setTimestamp"
OK,/artifact/projects/opennms/opennms-annos/opennms-webapp/src/main/java/org/opennms/web/asset/AssetModel.java,243,13,/artifact/projects/opennms/opennms-annos/opennms-webapp/src/main/java/org/opennms/web/asset/AssetModel.java,214.0,38.0,parameter.set,"SQL type=VARCHAR, method=setString"
OK,/artifact/projects/opennms/opennms-annos/opennms-webapp/src/main/java/org/opennms/web/asset/AssetModel.java,244,13,/artifact/projects/opennms/opennms-annos/opennms-webapp/src/main/java/org/opennms/web/asset/AssetModel.java,214.0,38.0,parameter.set,"SQL type=VARCHAR, method=setString"
OK,/artifact/projects/opennms/opennms-annos/opennms-webapp/src/main/java/org/opennms/web/asset/AssetModel.java,245,13,/artifact/projects/opennms/opennms-annos/opennms-webapp/src/main/java/org/opennms/web/asset/AssetModel.java,214.0,38.0,parameter.set,"SQL type=VARCHAR, method=setString"
OK,/artifact/projects/opennms/opennms-annos/opennms-webapp/src/main/java/org/opennms/web/asset/AssetModel.java,246,13,/artifact/projects/opennms/opennms-annos/opennms-webapp/src/main/java/org/opennms/web/asset/AssetModel.java,214.0,38.0,parameter.set,"SQL type=VARCHAR, method=setString"
OK,/artifact/projects/opennms/opennms-annos/opennms-webapp/src/main/java/org/opennms/web/asset/AssetModel.java,247,13,/artifact/projects/opennms/opennms-annos/opennms-webapp/src/main/java/org/opennms/web/asset/AssetModel.java,214.0,38.0,parameter.set,"SQL type=VARCHAR, method=setString"
OK,/artifact/projects/opennms/opennms-annos/opennms-webapp/src/main/java/org/opennms/web/asset/AssetModel.java,248,13,/artifact/projects/opennms/opennms-annos/opennms-webapp/src/main/java/org/opennms/web/asset/AssetModel.java,214.0,38.0,parameter.set,"SQL type=VARCHAR, method=setString"
OK,/artifact/projects/opennms/opennms-annos/opennms-webapp/src/main/java/org/opennms/web/asset/AssetModel.java,249,13,/artifact/projects/opennms/opennms-annos/opennms-webapp/src/main/java/org/opennms/web/asset/AssetModel.java,214.0,38.0,parameter.set,"SQL type=VARCHAR, method=setString"
OK,/artifact/projects/opennms/opennms-annos/opennms-webapp/src/main/java/org/opennms/web/asset/AssetModel.java,250,13,/artifact/projects/opennms/opennms-annos/opennms-webapp/src/main/java/org/opennms/web/asset/AssetModel.java,214.0,38.0,parameter.set,"SQL type=VARCHAR, method=setString"
OK,/artifact/projects/opennms/opennms-annos/opennms-webapp/src/main/java/org/opennms/web/asset/AssetModel.java,251,13,/artifact/projects/opennms/opennms-annos/opennms-webapp/src/main/java/org/opennms/web/asset/AssetModel.java,214.0,38.0,parameter.set,"SQL type=VARCHAR, method=setString"
OK,/artifact/projects/opennms/opennms-annos/opennms-webapp/src/main/java/org/opennms/web/asset/AssetModel.java,252,13,/artifact/projects/opennms/opennms-annos/opennms-webapp/src/main/java/org/opennms/web/asset/AssetModel.java,214.0,38.0,parameter.set,"SQL type=VARCHAR, method=setString"
OK,/artifact/projects/opennms/opennms-annos/opennms-webapp/src/main/java/org/opennms/web/asset/AssetModel.java,253,13,/artifact/projects/opennms/opennms-annos/opennms-webapp/src/main/java/org/opennms/web/asset/AssetModel.java,214.0,38.0,parameter.set,"SQL type=VARCHAR, method=setString"
OK,/artifact/projects/opennms/opennms-annos/opennms-webapp/src/main/java/org/opennms/web/asset/AssetModel.java,254,13,/artifact/projects/opennms/opennms-annos/opennms-webapp/src/main/java/org/opennms/web/asset/AssetModel.java,214.0,38.0,parameter.set,"SQL type=VARCHAR, method=setString"
OK,/artifact/projects/opennms/opennms-annos/opennms-webapp/src/main/java/org/opennms/web/asset/AssetModel.java,255,13,/artifact/projects/opennms/opennms-annos/opennms-webapp/src/main/java/org/opennms/web/asset/AssetModel.java,214.0,38.0,parameter.set,"SQL type=VARCHAR, method=setString"
OK,/artifact/projects/opennms/opennms-annos/opennms-webapp/src/main/java/org/opennms/web/asset/AssetModel.java,256,13,/artifact/projects/opennms/opennms-annos/opennms-webapp/src/main/java/org/opennms/web/asset/AssetModel.java,214.0,38.0,parameter.set,"SQL type=VARCHAR, method=setString"
OK,/artifact/projects/opennms/opennms-annos/opennms-webapp/src/main/java/org/opennms/web/asset/AssetModel.java,257,13,/artifact/projects/opennms/opennms-annos/opennms-webapp/src/main/java/org/opennms/web/asset/AssetModel.java,214.0,38.0,parameter.set,"SQL type=VARCHAR, method=setString"
OK,/artifact/projects/opennms/opennms-annos/opennms-webapp/src/main/java/org/opennms/web/asset/AssetModel.java,258,13,/artifact/projects/opennms/opennms-annos/opennms-webapp/src/main/java/org/opennms/web/asset/AssetModel.java,214.0,38.0,parameter.set,"SQL type=VARCHAR, method=setString"
OK,/artifact/projects/opennms/opennms-annos/opennms-webapp/src/main/java/org/opennms/web/asset/AssetModel.java,259,13,/artifact/projects/opennms/opennms-annos/opennms-webapp/src/main/java/org/opennms/web/asset/AssetModel.java,214.0,38.0,parameter.set,"SQL type=CHAR, method=setString"
OK,/artifact/projects/opennms/opennms-annos/opennms-webapp/src/main/java/org/opennms/web/asset/AssetModel.java,260,13,/artifact/projects/opennms/opennms-annos/opennms-webapp/src/main/java/org/opennms/web/asset/AssetModel.java,214.0,38.0,parameter.set,"SQL type=VARCHAR, method=setString"
OK,/artifact/projects/opennms/opennms-annos/opennms-webapp/src/main/java/org/opennms/web/asset/AssetModel.java,261,13,/artifact/projects/opennms/opennms-annos/opennms-webapp/src/main/java/org/opennms/web/asset/AssetModel.java,214.0,38.0,parameter.set,"SQL type=VARCHAR, method=setString"
OK,/artifact/projects/opennms/opennms-annos/opennms-webapp/src/main/java/org/opennms/web/asset/AssetModel.java,262,13,/artifact/projects/opennms/opennms-annos/opennms-webapp/src/main/java/org/opennms/web/asset/AssetModel.java,214.0,38.0,parameter.set,"SQL type=VARCHAR, method=setString"
OK,/artifact/projects/opennms/opennms-annos/opennms-webapp/src/main/java/org/opennms/web/asset/AssetModel.java,263,13,/artifact/projects/opennms/opennms-annos/opennms-webapp/src/main/java/org/opennms/web/asset/AssetModel.java,214.0,38.0,parameter.set,"SQL type=VARCHAR, method=setString"
OK,/artifact/projects/opennms/opennms-annos/opennms-webapp/src/main/java/org/opennms/web/asset/AssetModel.java,264,13,/artifact/projects/opennms/opennms-annos/opennms-webapp/src/main/java/org/opennms/web/asset/AssetModel.java,214.0,38.0,parameter.set,"SQL type=VARCHAR, method=setString"
OK,/artifact/projects/opennms/opennms-annos/opennms-webapp/src/main/java/org/opennms/web/asset/AssetModel.java,265,13,/artifact/projects/opennms/opennms-annos/opennms-webapp/src/main/java/org/opennms/web/asset/AssetModel.java,214.0,38.0,parameter.set,"SQL type=VARCHAR, method=setString"
OK,/artifact/projects/opennms/opennms-annos/opennms-webapp/src/main/java/org/opennms/web/asset/AssetModel.java,266,13,/artifact/projects/opennms/opennms-annos/opennms-webapp/src/main/java/org/opennms/web/asset/AssetModel.java,214.0,38.0,parameter.set,"SQL type=VARCHAR, method=setString"
OK,/artifact/projects/opennms/opennms-annos/opennms-webapp/src/main/java/org/opennms/web/asset/AssetModel.java,267,13,/artifact/projects/opennms/opennms-annos/opennms-webapp/src/main/java/org/opennms/web/asset/AssetModel.java,214.0,38.0,parameter.set,"SQL type=VARCHAR, method=setString"
OK,/artifact/projects/opennms/opennms-annos/opennms-webapp/src/main/java/org/opennms/web/asset/AssetModel.java,268,13,/artifact/projects/opennms/opennms-annos/opennms-webapp/src/main/java/org/opennms/web/asset/AssetModel.java,214.0,38.0,parameter.set,"SQL type=VARCHAR, method=setString"
OK,/artifact/projects/opennms/opennms-annos/opennms-webapp/src/main/java/org/opennms/web/asset/AssetModel.java,269,13,/artifact/projects/opennms/opennms-annos/opennms-webapp/src/main/java/org/opennms/web/asset/AssetModel.java,214.0,38.0,parameter.set,"SQL type=VARCHAR, method=setString"
OK,/artifact/projects/opennms/opennms-annos/opennms-webapp/src/main/java/org/opennms/web/asset/AssetModel.java,270,13,/artifact/projects/opennms/opennms-annos/opennms-webapp/src/main/java/org/opennms/web/asset/AssetModel.java,214.0,38.0,parameter.set,"SQL type=VARCHAR, method=setString"
OK,/artifact/projects/opennms/opennms-annos/opennms-webapp/src/main/java/org/opennms/web/asset/AssetModel.java,271,13,/artifact/projects/opennms/opennms-annos/opennms-webapp/src/main/java/org/opennms/web/asset/AssetModel.java,214.0,38.0,parameter.set,"SQL type=VARCHAR, method=setString"
OK,/artifact/projects/opennms/opennms-annos/opennms-webapp/src/main/java/org/opennms/web/asset/AssetModel.java,272,13,/artifact/projects/opennms/opennms-annos/opennms-webapp/src/main/java/org/opennms/web/asset/AssetModel.java,214.0,38.0,parameter.set,"SQL type=VARCHAR, method=setString"
OK,/artifact/projects/opennms/opennms-annos/opennms-webapp/src/main/java/org/opennms/web/asset/AssetModel.java,273,13,/artifact/projects/opennms/opennms-annos/opennms-webapp/src/main/java/org/opennms/web/asset/AssetModel.java,214.0,38.0,parameter.set,"SQL type=VARCHAR, method=setString"
OK,/artifact/projects/opennms/opennms-annos/opennms-webapp/src/main/java/org/opennms/web/asset/AssetModel.java,274,13,/artifact/projects/opennms/opennms-annos/opennms-webapp/src/main/java/org/opennms/web/asset/AssetModel.java,214.0,38.0,parameter.set,"SQL type=VARCHAR, method=setString"
ERROR,/artifact/projects/opennms/opennms-annos/opennms-webapp/src/main/java/org/opennms/web/asset/AssetModel.java,279,17,/artifact/projects/opennms/opennms-annos/opennms-webapp/src/main/java/org/opennms/web/asset/AssetModel.java,214.0,38.0,parameter.incompatibleTypes,"SQL type=DOUBLE, method=setFloat"
ERROR,/artifact/projects/opennms/opennms-annos/opennms-webapp/src/main/java/org/opennms/web/asset/AssetModel.java,285,17,/artifact/projects/opennms/opennms-annos/opennms-webapp/src/main/java/org/opennms/web/asset/AssetModel.java,214.0,38.0,parameter.incompatibleTypes,"SQL type=DOUBLE, method=setFloat"
OK,/artifact/projects/opennms/opennms-annos/opennms-webapp/src/main/java/org/opennms/web/asset/AssetModel.java,287,13,/artifact/projects/opennms/opennms-annos/opennms-webapp/src/main/java/org/opennms/web/asset/AssetModel.java,214.0,38.0,parameter.set,"SQL type=VARCHAR, method=setString"
OK,/artifact/projects/opennms/opennms-annos/opennms-webapp/src/main/java/org/opennms/web/asset/AssetModel.java,288,13,/artifact/projects/opennms/opennms-annos/opennms-webapp/src/main/java/org/opennms/web/asset/AssetModel.java,214.0,38.0,parameter.set,"SQL type=INTEGER, method=setInt"
OK,/artifact/projects/opennms/opennms-annos/opennms-webapp/src/main/java/org/opennms/web/asset/AssetModel.java,377,32,/artifact/projects/opennms/opennms-annos/opennms-webapp/src/main/java/org/opennms/web/asset/AssetModel.java,368.0,38.0,column.get,"SQL type=INTEGER nodeid, method=getInt"
OK,/artifact/projects/opennms/opennms-annos/opennms-webapp/src/main/java/org/opennms/web/asset/AssetModel.java,378,35,/artifact/projects/opennms/opennms-annos/opennms-webapp/src/main/java/org/opennms/web/asset/AssetModel.java,368.0,38.0,column.get,"SQL type=VARCHAR nodelabel, method=getString"
OK,/artifact/projects/opennms/opennms-annos/opennms-webapp/src/main/java/org/opennms/web/asset/ImportAssetsServlet.java,326,42,/artifact/projects/opennms/opennms-annos/opennms-webapp/src/main/java/org/opennms/web/asset/ImportAssetsServlet.java,322.0,28.0,column.get,"SQL type=INTEGER NODEID, method=getInt"
OK,/artifact/projects/opennms/opennms-annos/opennms-webapp/src/main/java/org/opennms/web/element/SnmpIfAdmin.java,190,13,/artifact/projects/opennms/opennms-annos/opennms-webapp/src/main/java/org/opennms/web/element/SnmpIfAdmin.java,188.0,47.0,parameter.set,"SQL type=INTEGER, method=setInt"
OK,/artifact/projects/opennms/opennms-annos/opennms-webapp/src/main/java/org/opennms/web/element/SnmpIfAdmin.java,191,13,/artifact/projects/opennms/opennms-annos/opennms-webapp/src/main/java/org/opennms/web/element/SnmpIfAdmin.java,188.0,47.0,parameter.set,"SQL type=INTEGER, method=setInt"
OK,/artifact/projects/opennms/opennms-annos/opennms-webapp/src/main/java/org/opennms/web/element/SnmpIfAdmin.java,192,13,/artifact/projects/opennms/opennms-annos/opennms-webapp/src/main/java/org/opennms/web/element/SnmpIfAdmin.java,188.0,47.0,parameter.set,"SQL type=INTEGER, method=setInt"
OK,/artifact/projects/opennms/opennms-annos/opennms-webapp/src/main/java/org/opennms/web/event/EventFactory.java,191,13,/artifact/projects/opennms/opennms-annos/opennms-webapp/src/main/java/org/opennms/web/event/EventFactory.java,189.0,38.0,parameter.set,"SQL type=BIGINT, method=setLong"
OK,/artifact/projects/opennms/opennms-annos/opennms-webapp/src/main/java/org/opennms/web/event/EventFactory.java,218,13,/artifact/projects/opennms/opennms-annos/opennms-webapp/src/main/java/org/opennms/web/event/EventFactory.java,216.0,38.0,parameter.set,"SQL type=BIGINT, method=setLong"
OK,/artifact/projects/opennms/opennms-annos/opennms-webapp/src/main/java/org/opennms/web/event/EventFactory.java,224,28,/artifact/projects/opennms/opennms-annos/opennms-webapp/src/main/java/org/opennms/web/event/EventFactory.java,216.0,38.0,column.get,"SQL type=VARCHAR name, method=getString"
OK,/artifact/projects/opennms/opennms-annos/opennms-webapp/src/main/java/org/opennms/web/event/EventFactory.java,224,50,/artifact/projects/opennms/opennms-annos/opennms-webapp/src/main/java/org/opennms/web/event/EventFactory.java,216.0,38.0,column.get,"SQL type=VARCHAR value, method=getString"
OK,/artifact/projects/opennms/opennms-annos/opennms-webapp/src/main/java/org/opennms/web/event/EventFactory.java,1104,13,/artifact/projects/opennms/opennms-annos/opennms-webapp/src/main/java/org/opennms/web/event/EventFactory.java,1102.0,38.0,parameter.set,"SQL type=VARCHAR, method=setString"
OK,/artifact/projects/opennms/opennms-annos/opennms-webapp/src/main/java/org/opennms/web/event/EventFactory.java,1105,13,/artifact/projects/opennms/opennms-annos/opennms-webapp/src/main/java/org/opennms/web/event/EventFactory.java,1102.0,38.0,parameter.set,"SQL type=TIMESTAMP, method=setTimestamp"
OK,/artifact/projects/opennms/opennms-annos/opennms-webapp/src/main/java/org/opennms/web/notification/NoticeFactory.java,164,13,/artifact/projects/opennms/opennms-annos/opennms-webapp/src/main/java/org/opennms/web/notification/NoticeFactory.java,162.0,43.0,parameter.set,"SQL type=BIGINT, method=setLong"
OK,/artifact/projects/opennms/opennms-annos/opennms-webapp/src/main/java/org/opennms/web/notification/NoticeFactory.java,170,29,/artifact/projects/opennms/opennms-annos/opennms-webapp/src/main/java/org/opennms/web/notification/NoticeFactory.java,162.0,43.0,column.get,"SQL type=CHAR EVENTDISPLAY, method=getString"
OK,/artifact/projects/opennms/opennms-annos/opennms-webapp/src/main/java/org/opennms/web/notification/NotificationModel.java,134,13,/artifact/projects/opennms/opennms-annos/opennms-webapp/src/main/java/org/opennms/web/notification/NotificationModel.java,132.0,18.0,parameter.set,"SQL type=INTEGER, method=setInt"
OK,/artifact/projects/opennms/opennms-annos/opennms-webapp/src/main/java/org/opennms/web/notification/NotificationModel.java,140,31,/artifact/projects/opennms/opennms-annos/opennms-webapp/src/main/java/org/opennms/web/notification/NotificationModel.java,132.0,18.0,column.get,"SQL type=VARCHAR SERVICENAME, method=getString"
OK,/artifact/projects/opennms/opennms-annos/opennms-webapp/src/main/java/org/opennms/web/outage/OutageModel.java,92,13,/artifact/projects/opennms/opennms-annos/opennms-webapp/src/main/java/org/opennms/web/outage/OutageModel.java,67.0,38.0,parameter.set,"SQL type=INTEGER, method=setInt"
OK,/artifact/projects/opennms/opennms-annos/opennms-webapp/src/main/java/org/opennms/web/outage/OutageModel.java,135,13,/artifact/projects/opennms/opennms-annos/opennms-webapp/src/main/java/org/opennms/web/outage/OutageModel.java,122.0,38.0,parameter.set,"SQL type=TIMESTAMP, method=setTimestamp"
OK,/artifact/projects/opennms/opennms-annos/opennms-webapp/src/main/java/org/opennms/web/outage/OutageModel.java,142,30,/artifact/projects/opennms/opennms-annos/opennms-webapp/src/main/java/org/opennms/web/outage/OutageModel.java,122.0,38.0,column.get,"SQL type=INTEGER NODEID, method=getInt"
OK,/artifact/projects/opennms/opennms-annos/opennms-webapp/src/main/java/org/opennms/web/outage/OutageModel.java,144,38,/artifact/projects/opennms/opennms-annos/opennms-webapp/src/main/java/org/opennms/web/outage/OutageModel.java,122.0,38.0,column.get,"SQL type=TIMESTAMP TIMEDOWN, method=getTimestamp"
OK,/artifact/projects/opennms/opennms-annos/opennms-webapp/src/main/java/org/opennms/web/outage/OutageModel.java,147,36,/artifact/projects/opennms/opennms-annos/opennms-webapp/src/main/java/org/opennms/web/outage/OutageModel.java,122.0,38.0,column.get,"SQL type=TIMESTAMP TIMEUP, method=getTimestamp"
OK,/artifact/projects/opennms/opennms-annos/opennms-webapp/src/main/java/org/opennms/web/outage/OutageModel.java,153,36,/artifact/projects/opennms/opennms-annos/opennms-webapp/src/main/java/org/opennms/web/outage/OutageModel.java,122.0,38.0,column.get,"SQL type=VARCHAR NODELABEL, method=getString"
WARNING,/artifact/projects/opennms/opennms-annos/opennms-webapp/src/main/java/org/opennms/web/alarm/filter/OnmsSeveritySqlType.java,49,9,,,,nonlocal.prepared.statement,method=setInt
OK,/artifact/projects/opennms/opennms-annos/opennms-webapp/src/main/java/org/opennms/web/asset/AssetModel.java,470,28,,,,column.get,"SQL type=INTEGER nodeid, method=getInt"
OK,/artifact/projects/opennms/opennms-annos/opennms-webapp/src/main/java/org/opennms/web/asset/AssetModel.java,472,31,,,,column.get,"SQL type=VARCHAR category, method=getString"
OK,/artifact/projects/opennms/opennms-annos/opennms-webapp/src/main/java/org/opennms/web/asset/AssetModel.java,473,35,,,,column.get,"SQL type=VARCHAR manufacturer, method=getString"
OK,/artifact/projects/opennms/opennms-annos/opennms-webapp/src/main/java/org/opennms/web/asset/AssetModel.java,474,29,,,,column.get,"SQL type=VARCHAR vendor, method=getString"
OK,/artifact/projects/opennms/opennms-annos/opennms-webapp/src/main/java/org/opennms/web/asset/AssetModel.java,475,34,,,,column.get,"SQL type=VARCHAR modelnumber, method=getString"
OK,/artifact/projects/opennms/opennms-annos/opennms-webapp/src/main/java/org/opennms/web/asset/AssetModel.java,476,35,,,,column.get,"SQL type=VARCHAR serialnumber, method=getString"
OK,/artifact/projects/opennms/opennms-annos/opennms-webapp/src/main/java/org/opennms/web/asset/AssetModel.java,477,34,,,,column.get,"SQL type=VARCHAR description, method=getString"
OK,/artifact/projects/opennms/opennms-annos/opennms-webapp/src/main/java/org/opennms/web/asset/AssetModel.java,478,32,,,,column.get,"SQL type=VARCHAR circuitid, method=getString"
OK,/artifact/projects/opennms/opennms-annos/opennms-webapp/src/main/java/org/opennms/web/asset/AssetModel.java,479,34,,,,column.get,"SQL type=VARCHAR assetnumber, method=getString"
OK,/artifact/projects/opennms/opennms-annos/opennms-webapp/src/main/java/org/opennms/web/asset/AssetModel.java,480,38,,,,column.get,"SQL type=VARCHAR operatingsystem, method=getString"
OK,/artifact/projects/opennms/opennms-annos/opennms-webapp/src/main/java/org/opennms/web/asset/AssetModel.java,481,27,,,,column.get,"SQL type=VARCHAR rack, method=getString"
OK,/artifact/projects/opennms/opennms-annos/opennms-webapp/src/main/java/org/opennms/web/asset/AssetModel.java,482,27,,,,column.get,"SQL type=VARCHAR slot, method=getString"
OK,/artifact/projects/opennms/opennms-annos/opennms-webapp/src/main/java/org/opennms/web/asset/AssetModel.java,483,27,,,,column.get,"SQL type=VARCHAR port, method=getString"
OK,/artifact/projects/opennms/opennms-annos/opennms-webapp/src/main/java/org/opennms/web/asset/AssetModel.java,484,29,,,,column.get,"SQL type=VARCHAR region, method=getString"
OK,/artifact/projects/opennms/opennms-annos/opennms-webapp/src/main/java/org/opennms/web/asset/AssetModel.java,485,31,,,,column.get,"SQL type=VARCHAR division, method=getString"
OK,/artifact/projects/opennms/opennms-annos/opennms-webapp/src/main/java/org/opennms/web/asset/AssetModel.java,486,33,,,,column.get,"SQL type=VARCHAR department, method=getString"
OK,/artifact/projects/opennms/opennms-annos/opennms-webapp/src/main/java/org/opennms/web/asset/AssetModel.java,487,31,,,,column.get,"SQL type=VARCHAR address1, method=getString"
OK,/artifact/projects/opennms/opennms-annos/opennms-webapp/src/main/java/org/opennms/web/asset/AssetModel.java,488,31,,,,column.get,"SQL type=VARCHAR address2, method=getString"
OK,/artifact/projects/opennms/opennms-annos/opennms-webapp/src/main/java/org/opennms/web/asset/AssetModel.java,489,27,,,,column.get,"SQL type=VARCHAR city, method=getString"
OK,/artifact/projects/opennms/opennms-annos/opennms-webapp/src/main/java/org/opennms/web/asset/AssetModel.java,490,28,,,,column.get,"SQL type=VARCHAR state, method=getString"
OK,/artifact/projects/opennms/opennms-annos/opennms-webapp/src/main/java/org/opennms/web/asset/AssetModel.java,491,26,,,,column.get,"SQL type=VARCHAR zip, method=getString"
OK,/artifact/projects/opennms/opennms-annos/opennms-webapp/src/main/java/org/opennms/web/asset/AssetModel.java,492,31,,,,column.get,"SQL type=VARCHAR building, method=getString"
OK,/artifact/projects/opennms/opennms-annos/opennms-webapp/src/main/java/org/opennms/web/asset/AssetModel.java,493,28,,,,column.get,"SQL type=VARCHAR floor, method=getString"
OK,/artifact/projects/opennms/opennms-annos/opennms-webapp/src/main/java/org/opennms/web/asset/AssetModel.java,494,27,,,,column.get,"SQL type=VARCHAR room, method=getString"
OK,/artifact/projects/opennms/opennms-annos/opennms-webapp/src/main/java/org/opennms/web/asset/AssetModel.java,495,34,,,,column.get,"SQL type=VARCHAR vendorphone, method=getString"
OK,/artifact/projects/opennms/opennms-annos/opennms-webapp/src/main/java/org/opennms/web/asset/AssetModel.java,496,32,,,,column.get,"SQL type=VARCHAR vendorfax, method=getString"
OK,/artifact/projects/opennms/opennms-annos/opennms-webapp/src/main/java/org/opennms/web/asset/AssetModel.java,497,39,,,,column.get,"SQL type=VARCHAR userlastmodified, method=getString"
OK,/artifact/projects/opennms/opennms-annos/opennms-webapp/src/main/java/org/opennms/web/asset/AssetModel.java,498,28,,,,column.get,"SQL type=VARCHAR lease, method=getString"
OK,/artifact/projects/opennms/opennms-annos/opennms-webapp/src/main/java/org/opennms/web/asset/AssetModel.java,499,35,,,,column.get,"SQL type=VARCHAR supportphone, method=getString"
OK,/artifact/projects/opennms/opennms-annos/opennms-webapp/src/main/java/org/opennms/web/asset/AssetModel.java,500,36,,,,column.get,"SQL type=VARCHAR maintcontract, method=getString"
OK,/artifact/projects/opennms/opennms-annos/opennms-webapp/src/main/java/org/opennms/web/asset/AssetModel.java,501,36,,,,column.get,"SQL type=VARCHAR dateinstalled, method=getString"
OK,/artifact/projects/opennms/opennms-annos/opennms-webapp/src/main/java/org/opennms/web/asset/AssetModel.java,502,35,,,,column.get,"SQL type=VARCHAR leaseexpires, method=getString"
OK,/artifact/projects/opennms/opennms-annos/opennms-webapp/src/main/java/org/opennms/web/asset/AssetModel.java,503,43,,,,column.get,"SQL type=VARCHAR maintcontractexpires, method=getString"
OK,/artifact/projects/opennms/opennms-annos/opennms-webapp/src/main/java/org/opennms/web/asset/AssetModel.java,504,40,,,,column.get,"SQL type=VARCHAR vendorassetnumber, method=getString"
OK,/artifact/projects/opennms/opennms-annos/opennms-webapp/src/main/java/org/opennms/web/asset/AssetModel.java,505,38,,,,column.get,"SQL type=VARCHAR displaycategory, method=getString"
OK,/artifact/projects/opennms/opennms-annos/opennms-webapp/src/main/java/org/opennms/web/asset/AssetModel.java,506,37,,,,column.get,"SQL type=VARCHAR notifycategory, method=getString"
OK,/artifact/projects/opennms/opennms-annos/opennms-webapp/src/main/java/org/opennms/web/asset/AssetModel.java,507,37,,,,column.get,"SQL type=VARCHAR pollercategory, method=getString"
OK,/artifact/projects/opennms/opennms-annos/opennms-webapp/src/main/java/org/opennms/web/asset/AssetModel.java,508,40,,,,column.get,"SQL type=VARCHAR thresholdcategory, method=getString"
OK,/artifact/projects/opennms/opennms-annos/opennms-webapp/src/main/java/org/opennms/web/asset/AssetModel.java,509,31,,,,column.get,"SQL type=VARCHAR comment, method=getString"
OK,/artifact/projects/opennms/opennms-annos/opennms-webapp/src/main/java/org/opennms/web/asset/AssetModel.java,510,31,,,,column.get,"SQL type=VARCHAR username, method=getString"
OK,/artifact/projects/opennms/opennms-annos/opennms-webapp/src/main/java/org/opennms/web/asset/AssetModel.java,511,31,,,,column.get,"SQL type=VARCHAR password, method=getString"
OK,/artifact/projects/opennms/opennms-annos/opennms-webapp/src/main/java/org/opennms/web/asset/AssetModel.java,512,29,,,,column.get,"SQL type=VARCHAR enable, method=getString"
OK,/artifact/projects/opennms/opennms-annos/opennms-webapp/src/main/java/org/opennms/web/asset/AssetModel.java,513,33,,,,column.get,"SQL type=VARCHAR connection, method=getString"
OK,/artifact/projects/opennms/opennms-annos/opennms-webapp/src/main/java/org/opennms/web/asset/AssetModel.java,514,33,,,,column.get,"SQL type=CHAR autoenable, method=getString"
OK,/artifact/projects/opennms/opennms-annos/opennms-webapp/src/main/java/org/opennms/web/asset/AssetModel.java,515,26,,,,column.get,"SQL type=VARCHAR cpu, method=getString"
OK,/artifact/projects/opennms/opennms-annos/opennms-webapp/src/main/java/org/opennms/web/asset/AssetModel.java,516,26,,,,column.get,"SQL type=VARCHAR ram, method=getString"
OK,/artifact/projects/opennms/opennms-annos/opennms-webapp/src/main/java/org/opennms/web/asset/AssetModel.java,517,34,,,,column.get,"SQL type=VARCHAR storagectrl, method=getString"
OK,/artifact/projects/opennms/opennms-annos/opennms-webapp/src/main/java/org/opennms/web/asset/AssetModel.java,518,27,,,,column.get,"SQL type=VARCHAR hdd1, method=getString"
OK,/artifact/projects/opennms/opennms-annos/opennms-webapp/src/main/java/org/opennms/web/asset/AssetModel.java,519,27,,,,column.get,"SQL type=VARCHAR hdd2, method=getString"
OK,/artifact/projects/opennms/opennms-annos/opennms-webapp/src/main/java/org/opennms/web/asset/AssetModel.java,520,27,,,,column.get,"SQL type=VARCHAR hdd3, method=getString"
OK,/artifact/projects/opennms/opennms-annos/opennms-webapp/src/main/java/org/opennms/web/asset/AssetModel.java,521,27,,,,column.get,"SQL type=VARCHAR hdd4, method=getString"
OK,/artifact/projects/opennms/opennms-annos/opennms-webapp/src/main/java/org/opennms/web/asset/AssetModel.java,522,27,,,,column.get,"SQL type=VARCHAR hdd5, method=getString"
OK,/artifact/projects/opennms/opennms-annos/opennms-webapp/src/main/java/org/opennms/web/asset/AssetModel.java,523,27,,,,column.get,"SQL type=VARCHAR hdd6, method=getString"
OK,/artifact/projects/opennms/opennms-annos/opennms-webapp/src/main/java/org/opennms/web/asset/AssetModel.java,524,39,,,,column.get,"SQL type=VARCHAR numpowersupplies, method=getString"
OK,/artifact/projects/opennms/opennms-annos/opennms-webapp/src/main/java/org/opennms/web/asset/AssetModel.java,525,33,,,,column.get,"SQL type=VARCHAR inputpower, method=getString"
OK,/artifact/projects/opennms/opennms-annos/opennms-webapp/src/main/java/org/opennms/web/asset/AssetModel.java,526,41,,,,column.get,"SQL type=VARCHAR additionalhardware, method=getString"
OK,/artifact/projects/opennms/opennms-annos/opennms-webapp/src/main/java/org/opennms/web/asset/AssetModel.java,527,28,,,,column.get,"SQL type=VARCHAR admin, method=getString"
OK,/artifact/projects/opennms/opennms-annos/opennms-webapp/src/main/java/org/opennms/web/asset/AssetModel.java,528,36,,,,column.get,"SQL type=VARCHAR snmpcommunity, method=getString"
OK,/artifact/projects/opennms/opennms-annos/opennms-webapp/src/main/java/org/opennms/web/asset/AssetModel.java,529,37,,,,column.get,"SQL type=VARCHAR rackunitheight, method=getString"
ERROR,/artifact/projects/opennms/opennms-annos/opennms-webapp/src/main/java/org/opennms/web/asset/AssetModel.java,530,38,,,,column.incompatibleTypes,"SQL type=DOUBLE longitude, method=getObject"
ERROR,/artifact/projects/opennms/opennms-annos/opennms-webapp/src/main/java/org/opennms/web/asset/AssetModel.java,532,50,,,,column.incompatibleTypes,"SQL type=DOUBLE longitude, method=getFloat"
ERROR,/artifact/projects/opennms/opennms-annos/opennms-webapp/src/main/java/org/opennms/web/asset/AssetModel.java,534,37,,,,column.incompatibleTypes,"SQL type=DOUBLE latitude, method=getObject"
ERROR,/artifact/projects/opennms/opennms-annos/opennms-webapp/src/main/java/org/opennms/web/asset/AssetModel.java,536,49,,,,column.incompatibleTypes,"SQL type=DOUBLE latitude, method=getFloat"
OK,/artifact/projects/opennms/opennms-annos/opennms-webapp/src/main/java/org/opennms/web/asset/AssetModel.java,538,30,,,,column.get,"SQL type=VARCHAR country, method=getString"
OK,/artifact/projects/opennms/opennms-annos/opennms-webapp/src/main/java/org/opennms/web/asset/AssetModel.java,541,47,,,,column.get,"SQL type=TIMESTAMP lastmodifieddate, method=getTimestamp"
ERROR,/artifact/projects/opennms/opennms-annos/opennms-webapp/src/main/java/org/opennms/web/event/EventFactory.java,1284,24,,,,column.incompatibleTypes,"SQL type=BIGINT eventid, method=getInt"
OK,/artifact/projects/opennms/opennms-annos/opennms-webapp/src/main/java/org/opennms/web/event/EventFactory.java,1285,25,,,,column.get,"SQL type=VARCHAR eventuei, method=getString"
OK,/artifact/projects/opennms/opennms-annos/opennms-webapp/src/main/java/org/opennms/web/event/EventFactory.java,1286,26,,,,column.get,"SQL type=VARCHAR eventsnmp, method=getString"
OK,/artifact/projects/opennms/opennms-annos/opennms-webapp/src/main/java/org/opennms/web/event/EventFactory.java,1289,35,,,,column.get,"SQL type=TIMESTAMP eventtime, method=getTimestamp"
OK,/artifact/projects/opennms/opennms-annos/opennms-webapp/src/main/java/org/opennms/web/event/EventFactory.java,1292,26,,,,column.get,"SQL type=VARCHAR eventhost, method=getString"
OK,/artifact/projects/opennms/opennms-annos/opennms-webapp/src/main/java/org/opennms/web/event/EventFactory.java,1293,30,,,,column.get,"SQL type=VARCHAR eventsnmphost, method=getString"
OK,/artifact/projects/opennms/opennms-annos/opennms-webapp/src/main/java/org/opennms/web/event/EventFactory.java,1294,28,,,,column.get,"SQL type=VARCHAR SYSTEMLABEL, method=getString"
ERROR,/artifact/projects/opennms/opennms-annos/opennms-webapp/src/main/java/org/opennms/web/event/EventFactory.java,1298,30,,,,column.incompatibleTypes,"SQL type=INTEGER nodeid, method=getObject"
OK,/artifact/projects/opennms/opennms-annos/opennms-webapp/src/main/java/org/opennms/web/event/EventFactory.java,1301,28,,,,column.get,"SQL type=VARCHAR ipaddr, method=getString"
ERROR,/artifact/projects/opennms/opennms-annos/opennms-webapp/src/main/java/org/opennms/web/event/EventFactory.java,1304,23,,,,column.incompatibleTypes,"SQL type=INTEGER serviceid, method=getObject"
OK,/artifact/projects/opennms/opennms-annos/opennms-webapp/src/main/java/org/opennms/web/event/EventFactory.java,1307,31,,,,column.get,"SQL type=VARCHAR NODELABEL, method=getString"
OK,/artifact/projects/opennms/opennms-annos/opennms-webapp/src/main/java/org/opennms/web/event/EventFactory.java,1308,33,,,,column.get,"SQL type=VARCHAR SERVICENAME, method=getString"
OK,/artifact/projects/opennms/opennms-annos/opennms-webapp/src/main/java/org/opennms/web/event/EventFactory.java,1311,25,,,,column.get,"SQL type=TIMESTAMP eventcreatetime, method=getTimestamp"
OK,/artifact/projects/opennms/opennms-annos/opennms-webapp/src/main/java/org/opennms/web/event/EventFactory.java,1314,33,,,,column.get,"SQL type=VARCHAR eventdescr, method=getString"
OK,/artifact/projects/opennms/opennms-annos/opennms-webapp/src/main/java/org/opennms/web/event/EventFactory.java,1315,30,,,,column.get,"SQL type=VARCHAR eventloggroup, method=getString"
OK,/artifact/projects/opennms/opennms-annos/opennms-webapp/src/main/java/org/opennms/web/event/EventFactory.java,1316,32,,,,column.get,"SQL type=VARCHAR eventlogmsg, method=getString"
OK,/artifact/projects/opennms/opennms-annos/opennms-webapp/src/main/java/org/opennms/web/event/EventFactory.java,1318,47,,,,column.get,"SQL type=INTEGER eventseverity, method=getInt"
OK,/artifact/projects/opennms/opennms-annos/opennms-webapp/src/main/java/org/opennms/web/event/EventFactory.java,1320,41,,,,column.get,"SQL type=VARCHAR eventoperinstruct, method=getString"
OK,/artifact/projects/opennms/opennms-annos/opennms-webapp/src/main/java/org/opennms/web/event/EventFactory.java,1321,32,,,,column.get,"SQL type=VARCHAR eventautoaction, method=getString"
OK,/artifact/projects/opennms/opennms-annos/opennms-webapp/src/main/java/org/opennms/web/event/EventFactory.java,1322,36,,,,column.get,"SQL type=VARCHAR eventoperaction, method=getString"
OK,/artifact/projects/opennms/opennms-annos/opennms-webapp/src/main/java/org/opennms/web/event/EventFactory.java,1323,44,,,,column.get,"SQL type=VARCHAR eventoperactionmenutext, method=getString"
OK,/artifact/projects/opennms/opennms-annos/opennms-webapp/src/main/java/org/opennms/web/event/EventFactory.java,1324,34,,,,column.get,"SQL type=VARCHAR eventnotification, method=getString"
OK,/artifact/projects/opennms/opennms-annos/opennms-webapp/src/main/java/org/opennms/web/event/EventFactory.java,1325,35,,,,column.get,"SQL type=VARCHAR eventtticket, method=getString"
ERROR,/artifact/projects/opennms/opennms-annos/opennms-webapp/src/main/java/org/opennms/web/event/EventFactory.java,1328,23,,,,column.incompatibleTypes,"SQL type=INTEGER eventtticketstate, method=getObject"
OK,/artifact/projects/opennms/opennms-annos/opennms-webapp/src/main/java/org/opennms/web/event/EventFactory.java,1331,29,,,,column.get,"SQL type=VARCHAR eventforward, method=getString"
OK,/artifact/projects/opennms/opennms-annos/opennms-webapp/src/main/java/org/opennms/web/event/EventFactory.java,1332,35,,,,column.get,"SQL type=VARCHAR eventmouseovertext, method=getString"
OK,/artifact/projects/opennms/opennms-annos/opennms-webapp/src/main/java/org/opennms/web/event/EventFactory.java,1334,37,,,,column.get,"SQL type=VARCHAR eventackuser, method=getString"
OK,/artifact/projects/opennms/opennms-annos/opennms-webapp/src/main/java/org/opennms/web/event/EventFactory.java,1337,25,,,,column.get,"SQL type=TIMESTAMP eventacktime, method=getTimestamp"
ERROR,/artifact/projects/opennms/opennms-annos/opennms-webapp/src/main/java/org/opennms/web/event/EventFactory.java,1341,23,,,,column.incompatibleTypes,"SQL type=INTEGER alarmid, method=getObject"
OK,/artifact/projects/opennms/opennms-annos/opennms-webapp/src/main/java/org/opennms/web/event/EventFactory.java,1344,30,,,,column.get,"SQL type=VARCHAR LOCATION, method=getString"
OK,/artifact/projects/opennms/opennms-annos/opennms-webapp/src/main/java/org/opennms/web/event/EventFactory.java,1345,30,,,,column.get,"SQL type=VARCHAR systemid, method=getString"
WARNING,/artifact/projects/opennms/opennms-annos/opennms-webapp/src/main/java/org/opennms/web/filter/BigIntSqlType.java,41,9,,,,nonlocal.prepared.statement,method=setLong
WARNING,/artifact/projects/opennms/opennms-annos/opennms-webapp/src/main/java/org/opennms/web/filter/BooleanSqlType.java,40,9,,,,nonlocal.prepared.statement,method=setBoolean
WARNING,/artifact/projects/opennms/opennms-annos/opennms-webapp/src/main/java/org/opennms/web/filter/DateSqlType.java,50,9,,,,nonlocal.prepared.statement,method=setTimestamp
WARNING,/artifact/projects/opennms/opennms-annos/opennms-webapp/src/main/java/org/opennms/web/filter/IntegerSqlType.java,68,9,,,,nonlocal.prepared.statement,method=setInt
WARNING,/artifact/projects/opennms/opennms-annos/opennms-webapp/src/main/java/org/opennms/web/filter/StringSqlType.java,46,9,,,,nonlocal.prepared.statement,method=setString
OK,/artifact/projects/opennms/opennms-annos/opennms-webapp/src/main/java/org/opennms/web/notification/NoticeFactory.java,729,46,,,,column.get,"SQL type=INTEGER notifyid, method=getInt"
OK,/artifact/projects/opennms/opennms-annos/opennms-webapp/src/main/java/org/opennms/web/notification/NoticeFactory.java,732,23,,,,column.get,"SQL type=TIMESTAMP pagetime, method=getTimestamp"
OK,/artifact/projects/opennms/opennms-annos/opennms-webapp/src/main/java/org/opennms/web/notification/NoticeFactory.java,737,23,,,,column.get,"SQL type=TIMESTAMP respondtime, method=getTimestamp"
OK,/artifact/projects/opennms/opennms-annos/opennms-webapp/src/main/java/org/opennms/web/notification/NoticeFactory.java,742,23,,,,column.get,"SQL type=VARCHAR textmsg, method=getString"
OK,/artifact/projects/opennms/opennms-annos/opennms-webapp/src/main/java/org/opennms/web/notification/NoticeFactory.java,745,23,,,,column.get,"SQL type=VARCHAR numericmsg, method=getString"
OK,/artifact/projects/opennms/opennms-annos/opennms-webapp/src/main/java/org/opennms/web/notification/NoticeFactory.java,748,23,,,,column.get,"SQL type=VARCHAR answeredby, method=getString"
OK,/artifact/projects/opennms/opennms-annos/opennms-webapp/src/main/java/org/opennms/web/notification/NoticeFactory.java,751,39,,,,column.get,"SQL type=INTEGER nodeid, method=getInt"
OK,/artifact/projects/opennms/opennms-annos/opennms-webapp/src/main/java/org/opennms/web/notification/NoticeFactory.java,754,23,,,,column.get,"SQL type=VARCHAR interfaceid, method=getString"
ERROR,/artifact/projects/opennms/opennms-annos/opennms-webapp/src/main/java/org/opennms/web/notification/NoticeFactory.java,757,39,,,,column.incompatibleTypes,"SQL type=BIGINT eventid, method=getInt"
OK,/artifact/projects/opennms/opennms-annos/opennms-webapp/src/main/java/org/opennms/web/notification/NoticeFactory.java,760,39,,,,column.get,"SQL type=INTEGER serviceid, method=getInt"
OK,/artifact/projects/opennms/opennms-annos/opennms-webapp/src/main/java/org/opennms/web/notification/NotificationModel.java,180,34,,,,column.get,"SQL type=VARCHAR TEXTMSG, method=getString"
OK,/artifact/projects/opennms/opennms-annos/opennms-webapp/src/main/java/org/opennms/web/notification/NotificationModel.java,181,34,,,,column.get,"SQL type=VARCHAR NUMERICMSG, method=getString"
OK,/artifact/projects/opennms/opennms-annos/opennms-webapp/src/main/java/org/opennms/web/notification/NotificationModel.java,182,36,,,,column.get,"SQL type=INTEGER NOTIFYID, method=getInt"
OK,/artifact/projects/opennms/opennms-annos/opennms-webapp/src/main/java/org/opennms/web/notification/NotificationModel.java,183,21,,,,column.get,"SQL type=TIMESTAMP PAGETIME, method=getTimestamp"
OK,/artifact/projects/opennms/opennms-annos/opennms-webapp/src/main/java/org/opennms/web/notification/NotificationModel.java,184,40,,,,column.get,"SQL type=TIMESTAMP PAGETIME, method=getTimestamp"
OK,/artifact/projects/opennms/opennms-annos/opennms-webapp/src/main/java/org/opennms/web/notification/NotificationModel.java,186,21,,,,column.get,"SQL type=TIMESTAMP RESPONDTIME, method=getTimestamp"
OK,/artifact/projects/opennms/opennms-annos/opennms-webapp/src/main/java/org/opennms/web/notification/NotificationModel.java,187,41,,,,column.get,"SQL type=TIMESTAMP RESPONDTIME, method=getTimestamp"
OK,/artifact/projects/opennms/opennms-annos/opennms-webapp/src/main/java/org/opennms/web/notification/NotificationModel.java,189,37,,,,column.get,"SQL type=VARCHAR ANSWEREDBY, method=getString"
OK,/artifact/projects/opennms/opennms-annos/opennms-webapp/src/main/java/org/opennms/web/notification/NotificationModel.java,190,34,,,,column.get,"SQL type=INTEGER NODEID, method=getInt"
OK,/artifact/projects/opennms/opennms-annos/opennms-webapp/src/main/java/org/opennms/web/notification/NotificationModel.java,191,39,,,,column.get,"SQL type=VARCHAR INTERFACEID, method=getString"
OK,/artifact/projects/opennms/opennms-annos/opennms-webapp/src/main/java/org/opennms/web/notification/NotificationModel.java,192,37,,,,column.get,"SQL type=INTEGER SERVICEID, method=getInt"
ERROR,/artifact/projects/opennms/opennms-annos/opennms-webapp/src/main/java/org/opennms/web/notification/NotificationModel.java,193,35,,,,column.incompatibleTypes,"SQL type=BIGINT EVENTID, method=getInt"
OK,/artifact/projects/opennms/opennms-annos/opennms-webapp/src/main/java/org/opennms/web/outage/OutageFactory.java,581,31,,,,column.get,"SQL type=INTEGER outageid, method=getInt"
ERROR,/artifact/projects/opennms/opennms-annos/opennms-webapp/src/main/java/org/opennms/web/outage/OutageFactory.java,582,29,,,,column.name.not.found,name=nodeid
ERROR,/artifact/projects/opennms/opennms-annos/opennms-webapp/src/main/java/org/opennms/web/outage/OutageFactory.java,583,32,,,,column.name.not.found,name=ipaddr
ERROR,/artifact/projects/opennms/opennms-annos/opennms-webapp/src/main/java/org/opennms/web/outage/OutageFactory.java,584,32,,,,column.name.not.found,name=serviceid
OK,/artifact/projects/opennms/opennms-annos/opennms-webapp/src/main/java/org/opennms/web/outage/OutageFactory.java,587,23,,,,column.get,"SQL type=TIMESTAMP iflostservice, method=getTimestamp"
OK,/artifact/projects/opennms/opennms-annos/opennms-webapp/src/main/java/org/opennms/web/outage/OutageFactory.java,591,31,,,,column.get,"SQL type=VARCHAR iphostname, method=getString"
OK,/artifact/projects/opennms/opennms-annos/opennms-webapp/src/main/java/org/opennms/web/outage/OutageFactory.java,595,32,,,,column.get,"SQL type=VARCHAR nodelabel, method=getString"
OK,/artifact/projects/opennms/opennms-annos/opennms-webapp/src/main/java/org/opennms/web/outage/OutageFactory.java,598,31,,,,column.get,"SQL type=VARCHAR location, method=getString"
OK,/artifact/projects/opennms/opennms-annos/opennms-webapp/src/main/java/org/opennms/web/outage/OutageFactory.java,601,34,,,,column.get,"SQL type=VARCHAR servicename, method=getString"
OK,/artifact/projects/opennms/opennms-annos/opennms-webapp/src/main/java/org/opennms/web/outage/OutageFactory.java,605,23,,,,column.get,"SQL type=TIMESTAMP ifregainedservice, method=getTimestamp"
OK,/artifact/projects/opennms/opennms-annos/opennms-webapp/src/main/java/org/opennms/web/outage/OutageFactory.java,611,27,,,,column.get,"SQL type=BIGINT svcLostEventID, method=getLong"
OK,/artifact/projects/opennms/opennms-annos/opennms-webapp/src/main/java/org/opennms/web/outage/OutageFactory.java,617,27,,,,column.get,"SQL type=BIGINT svcRegainedEventID, method=getLong"
OK,/artifact/projects/opennms/opennms-annos/opennms-webapp/src/main/java/org/opennms/web/outage/OutageFactory.java,623,26,,,,column.get,"SQL type=INTEGER notifyid, method=getInt"
OK,/artifact/projects/opennms/opennms-annos/opennms-webapp/src/main/java/org/opennms/web/outage/OutageFactory.java,629,60,,,,column.get,"SQL type=VARCHAR answeredby, method=getString"
OK,/artifact/projects/opennms/opennms-annos/opennms-webapp/src/main/java/org/opennms/web/outage/OutageModel.java,209,29,,,,column.get,"SQL type=INTEGER nodeid, method=getInt"
OK,/artifact/projects/opennms/opennms-annos/opennms-webapp/src/main/java/org/opennms/web/outage/OutageModel.java,211,32,,,,column.get,"SQL type=VARCHAR ipaddr, method=getString"
OK,/artifact/projects/opennms/opennms-annos/opennms-webapp/src/main/java/org/opennms/web/outage/OutageModel.java,213,32,,,,column.get,"SQL type=INTEGER serviceid, method=getInt"
OK,/artifact/projects/opennms/opennms-annos/opennms-webapp/src/main/java/org/opennms/web/outage/OutageModel.java,215,32,,,,column.get,"SQL type=VARCHAR nodelabel, method=getString"
OK,/artifact/projects/opennms/opennms-annos/opennms-webapp/src/main/java/org/opennms/web/outage/OutageModel.java,217,31,,,,column.get,"SQL type=VARCHAR location, method=getString"
OK,/artifact/projects/opennms/opennms-annos/opennms-webapp/src/main/java/org/opennms/web/outage/OutageModel.java,219,31,,,,column.get,"SQL type=VARCHAR iphostname, method=getString"
OK,/artifact/projects/opennms/opennms-annos/opennms-webapp/src/main/java/org/opennms/web/outage/OutageModel.java,221,34,,,,column.get,"SQL type=VARCHAR servicename, method=getString"
OK,/artifact/projects/opennms/opennms-annos/opennms-webapp/src/main/java/org/opennms/web/outage/OutageModel.java,223,31,,,,column.get,"SQL type=INTEGER outageid, method=getInt"
OK,/artifact/projects/opennms/opennms-annos/opennms-webapp/src/main/java/org/opennms/web/outage/OutageModel.java,225,37,,,,column.get,"SQL type=TIMESTAMP iflostservice, method=getTimestamp"
OK,/artifact/projects/opennms/opennms-annos/opennms-webapp/src/main/java/org/opennms/web/outage/OutageModel.java,231,45,,,,column.get,"SQL type=TIMESTAMP ifregainedservice, method=getTimestamp"
ERROR,/artifact/projects/opennms/opennms-annos/opennms-webapp/src/main/java/org/opennms/web/outage/OutageModel.java,238,43,,,,column.name.not.found,name=svclosteventid
ERROR,/artifact/projects/opennms/opennms-annos/opennms-webapp/src/main/java/org/opennms/web/outage/OutageModel.java,243,32,,,,column.name.not.found,name=notifyid
ERROR,/artifact/projects/opennms/opennms-annos/opennms-webapp/src/main/java/org/opennms/web/outage/OutageModel.java,248,64,,,,column.name.not.found,name=answeredby
